graph,w,cond,active,MN9_L,MN9_R,DNp01,DNa_L,DNa_R,DNa02_L,DNa02_R,headDN,wall_ms
malecns_all,0.152,bitter150,11572.2,0.0,0.0,0.0,1.1,0.0,2.2,0.0,12.2,2372.5
malecns_all,0.152,head,3433.5,32.8,0.0,0.0,0.0,0.0,0.0,0.0,174.3,3137.6
malecns_all,0.152,lc10L,1080.3,0.0,0.0,0.0,81.9,0.0,163.3,0.0,0.3,1752.0
malecns_all,0.152,lc10R,1230.2,1.1,0.0,0.0,0.0,82.5,0.0,162.8,1.0,2269.7
malecns_all,0.152,loom,3223.7,0.0,0.0,385.0,0.0,0.0,0.0,0.0,0.0,3104.1
malecns_all,0.152,loomL,2102.2,0.0,0.0,251.7,0.0,25.6,0.0,0.0,0.0,2483.0
malecns_all,0.152,loomR,2291.5,0.0,0.0,278.1,5.6,0.0,0.0,0.0,0.0,2797.8
malecns_all,0.152,rand0_150,12032.5,45.6,0.0,0.0,0.6,0.6,1.1,1.1,25.7,3858.2
malecns_all,0.152,rand0_40,10965.3,25.6,0.0,0.0,1.4,0.8,2.8,1.7,16.4,2180.7
malecns_all,0.152,rand0_80,11867.8,38.9,0.0,0.0,1.9,0.6,3.9,1.1,24.5,3449.2
malecns_all,0.152,rand1_150,12040.8,44.4,0.0,0.0,0.6,1.7,1.1,3.3,25.5,3592.7
malecns_all,0.152,rand1_40,11365.2,31.1,0.0,0.0,1.1,1.1,2.2,2.2,19.7,2487.1
malecns_all,0.152,rand1_80,11929.2,42.2,0.0,0.0,1.1,1.1,2.2,2.2,24.9,3402.4
malecns_all,0.152,rand2_150,12011.0,36.7,0.0,0.0,0.6,0.6,1.1,1.1,24.6,3709.7
malecns_all,0.152,rand2_40,7226.0,18.9,0.0,0.0,0.3,1.1,0.6,2.2,11.9,1619.6
malecns_all,0.152,rand2_80,11700.7,35.0,0.0,0.0,0.3,0.8,0.6,1.7,20.7,3017.7
malecns_all,0.152,sugar10,8.8,0.0,0.0,0.0,0.0,0.0,0.0,0.0,0.0,15.4
malecns_all,0.152,sugar100,4142.5,78.3,0.0,0.0,0.3,0.0,0.6,0.0,4.5,1282.8
malecns_all,0.152,sugar100_bitter,11316.5,0.0,0.0,0.0,1.1,0.0,2.2,0.0,7.8,2255.8
malecns_all,0.152,sugar150,8234.5,117.8,4.4,0.0,1.1,0.0,2.2,0.0,6.2,2456.3
malecns_all,0.152,sugar20,26.3,0.0,0.0,0.0,0.0,0.0,0.0,0.0,0.0,43.4
malecns_all,0.152,sugar40,81.7,0.6,0.0,0.0,0.0,0.0,0.0,0.0,0.0,116.6
malecns_all,0.152,sugar40_bitter,11655.2,0.0,0.0,0.0,0.6,0.0,1.1,0.0,12.3,2476.3
malecns_all,0.152,sugar60,118.2,2.8,0.0,0.0,0.0,0.0,0.0,0.0,0.0,201.3
malecns_all,0.152,sugar80,297.7,28.3,0.0,0.0,0.0,0.0,0.0,0.0,0.0,345.6
malecns_all,0.152,sugar80_bitter,11297.2,0.0,0.0,0.0,1.1,0.0,2.2,0.0,9.6,2299.4
malecns_all,0.275,bitter150,19977.5,18.9,0.0,1.7,1.7,0.0,3.3,0.0,0.2,4767.1
malecns_all,0.275,head,21803.0,112.2,0.0,0.0,0.0,0.0,0.0,0.0,164.3,5088.3
malecns_all,0.275,lc10L,19870.7,5.6,0.0,0.0,86.9,0.0,168.9,0.0,0.2,4321.0
malecns_all,0.275,lc10R,20985.5,7.2,0.0,0.0,0.0,70.6,0.0,137.8,0.3,4952.0
malecns_all,0.275,loom,21917.5,0.0,0.0,394.2,2.2,1.4,4.4,0.0,0.0,5334.2
malecns_all,0.275,loomL,20690.2,0.0,0.0,211.4,4.2,3.9,8.3,0.0,0.0,5063.6
malecns_all,0.275,loomR,20878.0,0.0,0.0,209.7,5.0,0.0,6.7,0.0,0.0,4600.0
malecns_all,0.275,rand0_150,20200.5,18.3,0.0,0.0,3.3,1.1,6.7,2.2,3.2,5294.6
malecns_all,0.275,rand0_40,19888.2,18.9,0.0,0.0,2.8,1.7,5.6,2.8,4.3,4860.4
malecns_all,0.275,rand0_80,19953.8,18.3,0.0,0.0,4.4,0.8,8.9,1.7,3.1,5081.6
malecns_all,0.275,rand1_150,20190.0,28.9,0.0,0.0,2.2,1.9,4.4,3.9,3.1,5171.4
malecns_all,0.275,rand1_40,19796.0,23.3,0.0,0.0,3.1,2.2,6.1,4.4,4.2,5098.8
malecns_all,0.275,rand1_80,20136.2,19.4,0.0,0.0,2.8,1.7,5.6,3.3,3.8,5206.5
malecns_all,0.275,rand2_150,19944.0,7.8,0.0,1.1,3.3,0.3,6.1,0.0,1.4,5118.0
malecns_all,0.275,rand2_40,19689.7,12.2,0.0,1.4,1.7,0.8,3.3,1.1,1.9,4355.7
malecns_all,0.275,rand2_80,19724.0,8.9,0.0,1.1,2.5,0.0,5.0,0.0,1.9,4831.9
malecns_all,0.275,sugar10,16208.8,12.2,0.0,0.0,1.7,0.6,2.8,1.1,0.2,2193.3
malecns_all,0.275,sugar100,20017.5,230.0,58.9,0.0,5.6,0.0,11.1,0.0,0.0,4771.7
malecns_all,0.275,sugar100_bitter,19684.5,21.1,0.0,0.0,0.3,0.0,0.6,0.0,0.0,4772.3
malecns_all,0.275,sugar150,20027.5,245.6,63.3,0.0,7.8,0.0,15.6,0.0,0.0,4863.1
malecns_all,0.275,sugar20,14326.8,63.9,12.2,0.0,0.8,0.3,1.7,0.0,0.6,3316.1
malecns_all,0.275,sugar40,20271.3,160.6,41.1,0.0,0.8,0.0,1.7,0.0,0.7,4280.1
malecns_all,0.275,sugar40_bitter,19928.8,27.2,0.0,0.3,1.4,0.0,2.8,0.0,0.2,4778.3
malecns_all,0.275,sugar60,20177.3,181.1,42.8,0.0,4.4,0.0,8.9,0.0,0.6,4542.9
malecns_all,0.275,sugar80,20003.7,192.2,42.8,0.0,6.1,0.0,12.2,0.0,0.6,4756.8
malecns_all,0.275,sugar80_bitter,19551.5,22.2,0.0,0.0,1.7,0.0,3.3,0.0,0.1,4757.3
malecns_all_shuf,0.152,bitter150,93.0,0.0,0.0,0.0,0.0,0.0,0.0,0.0,0.0,430.2
malecns_all_shuf,0.152,head,903.3,0.0,0.0,0.0,0.0,0.0,0.0,0.0,0.0,2623.2
malecns_all_shuf,0.152,lc10L,766.7,0.0,0.0,0.0,0.0,0.0,0.0,0.0,0.0,2361.9
malecns_all_shuf,0.152,lc10R,975.7,0.0,0.0,0.0,0.0,0.0,0.0,0.0,0.3,2571.5
malecns_all_shuf,0.152,loom,1558.8,0.0,0.0,0.0,0.0,0.0,0.0,0.0,2.1,3167.2
malecns_all_shuf,0.152,loomL,632.5,0.0,0.0,0.0,0.0,0.0,0.0,0.0,2.5,2382.4
malecns_all_shuf,0.152,loomR,689.5,0.0,0.0,0.0,0.0,0.0,0.0,0.0,0.0,2354.8
malecns_all_shuf,0.152,rand0_150,104.0,0.0,0.0,0.0,0.0,0.0,0.0,0.0,0.0,572.8
malecns_all_shuf,0.152,rand0_40,12.8,0.0,0.0,0.0,0.0,0.0,0.0,0.0,0.0,160.1
malecns_all_shuf,0.152,rand0_80,35.5,0.0,0.0,0.0,0.0,0.0,0.0,0.0,0.0,268.8
malecns_all_shuf,0.152,rand1_150,102.2,0.0,0.0,0.0,0.0,0.0,0.0,0.0,0.0,522.8
malecns_all_shuf,0.152,rand1_40,13.8,0.0,0.0,0.0,0.0,0.0,0.0,0.0,0.0,183.3
malecns_all_shuf,0.152,rand1_80,42.8,0.0,0.0,0.0,0.0,0.0,0.0,0.0,0.0,295.0
malecns_all_shuf,0.152,rand2_150,91.7,0.0,0.0,0.0,0.0,0.0,0.0,0.0,0.0,570.4
malecns_all_shuf,0.152,rand2_40,9.3,0.0,0.0,0.0,0.0,0.0,0.0,0.0,0.0,155.0
malecns_all_shuf,0.152,rand2_80,28.7,0.0,0.0,0.0,0.0,0.0,0.0,0.0,0.0,285.1
malecns_all_shuf,0.152,sugar10,0.0,0.0,0.0,0.0,0.0,0.0,0.0,0.0,0.0,77.9
malecns_all_shuf,0.152,sugar100,62.7,0.0,0.0,0.0,0.0,0.0,0.0,0.0,0.0,306.1
malecns_all_shuf,0.152,sugar100_bitter,161.0,0.0,0.0,0.0,0.0,0.0,0.0,0.0,0.0,746.3
malecns_all_shuf,0.152,sugar150,126.8,0.0,0.0,0.0,0.0,0.0,0.0,0.0,0.0,613.6
malecns_all_shuf,0.152,sugar20,0.8,0.0,0.0,0.0,0.0,0.0,0.0,0.0,0.0,108.3
malecns_all_shuf,0.152,sugar40,8.0,0.0,0.0,0.0,0.0,0.0,0.0,0.0,0.0,144.2
malecns_all_shuf,0.152,sugar40_bitter,101.7,0.0,0.0,0.0,0.0,0.0,0.0,0.0,0.0,558.9
malecns_all_shuf,0.152,sugar60,20.3,0.0,0.0,0.0,0.0,0.0,0.0,0.0,0.0,165.2
malecns_all_shuf,0.152,sugar80,41.8,0.0,0.0,0.0,0.0,0.0,0.0,0.0,0.0,237.7
malecns_all_shuf,0.152,sugar80_bitter,137.3,0.0,0.0,0.0,0.0,0.0,0.0,0.0,0.0,662.4
malecns_all_shuf,0.275,bitter150,534.0,0.0,0.0,0.0,0.0,0.0,0.0,0.0,0.0,1726.0
malecns_all_shuf,0.275,head,41984.8,0.0,0.0,21.4,0.0,3.1,0.0,6.1,44.5,6013.3
malecns_all_shuf,0.275,lc10L,41755.0,0.0,0.0,19.4,0.0,2.2,0.0,4.4,41.2,5743.8
malecns_all_shuf,0.275,lc10R,41727.3,0.0,0.0,20.6,0.0,2.5,0.0,5.0,42.2,5742.2
malecns_all_shuf,0.275,loom,42336.2,0.0,0.0,26.7,0.0,1.9,0.0,3.9,50.9,6363.6
malecns_all_shuf,0.275,loomL,40918.2,0.0,0.0,18.1,0.0,2.5,0.0,5.0,39.7,5412.7
malecns_all_shuf,0.275,loomR,41251.0,0.0,0.0,18.9,0.0,2.2,0.0,4.4,39.3,5636.1
malecns_all_shuf,0.275,rand0_150,653.5,0.0,0.0,0.0,0.0,0.0,0.0,0.0,0.0,1894.1
malecns_all_shuf,0.275,rand0_40,63.3,0.0,0.0,0.0,0.0,0.0,0.0,0.0,0.0,328.2
malecns_all_shuf,0.275,rand0_80,240.3,0.0,0.0,0.0,0.0,0.0,0.0,0.0,0.0,905.2
malecns_all_shuf,0.275,rand1_150,486.5,0.0,0.0,0.0,0.0,0.0,0.0,0.0,0.0,1590.6
malecns_all_shuf,0.275,rand1_40,90.0,0.0,0.0,0.0,0.0,0.0,0.0,0.0,0.0,380.1
malecns_all_shuf,0.275,rand1_80,202.2,0.0,0.0,0.0,0.0,0.0,0.0,0.0,0.0,802.8
malecns_all_shuf,0.275,rand2_150,422.2,0.0,0.0,0.0,0.0,0.0,0.0,0.0,0.0,1637.2
malecns_all_shuf,0.275,rand2_40,43.0,0.0,0.0,0.0,0.0,0.0,0.0,0.0,0.0,307.4
malecns_all_shuf,0.275,rand2_80,159.2,0.0,0.0,0.0,0.0,0.0,0.0,0.0,0.0,803.9
malecns_all_shuf,0.275,sugar10,13.2,0.0,0.0,0.0,0.0,0.0,0.0,0.0,0.0,117.3
malecns_all_shuf,0.275,sugar100,332.2,0.0,0.0,0.0,0.0,0.0,0.0,0.0,0.0,1357.8
malecns_all_shuf,0.275,sugar100_bitter,988.3,0.0,0.0,0.0,0.0,0.0,0.0,0.0,0.0,2366.3
malecns_all_shuf,0.275,sugar150,605.5,0.0,0.0,0.0,0.0,0.0,0.0,0.0,0.0,2013.0
malecns_all_shuf,0.275,sugar20,26.0,0.0,0.0,0.0,0.0,0.0,0.0,0.0,0.0,153.7
malecns_all_shuf,0.275,sugar40,91.3,0.0,0.0,0.0,0.0,0.0,0.0,0.0,0.0,474.8
malecns_all_shuf,0.275,sugar40_bitter,665.7,0.0,0.0,0.0,0.0,0.0,0.0,0.0,0.0,1943.5
malecns_all_shuf,0.275,sugar60,164.2,0.0,0.0,0.0,0.0,0.0,0.0,0.0,0.0,813.8
malecns_all_shuf,0.275,sugar80,251.0,0.0,0.0,0.0,0.0,0.0,0.0,0.0,0.0,1108.2
malecns_all_shuf,0.275,sugar80_bitter,876.0,0.0,0.0,0.0,0.0,0.0,0.0,0.0,0.0,2277.9
malecns_ge5,0.152,bitter150,7739.8,0.0,0.0,0.0,5.0,0.0,10.0,0.0,21.8,1474.0
malecns_ge5,0.152,head,3147.8,18.3,0.0,0.0,0.0,0.0,0.0,0.0,181.1,1808.0
malecns_ge5,0.152,lc10L,839.0,0.0,0.0,0.0,76.1,0.0,152.2,0.0,0.3,659.9
malecns_ge5,0.152,lc10R,1118.2,1.1,0.0,0.0,0.0,75.0,0.0,150.0,1.3,1085.2
malecns_ge5,0.152,loom,2692.2,0.0,0.0,388.1,0.0,0.0,0.0,0.0,0.0,1353.1
malecns_ge5,0.152,loomL,1793.0,0.0,0.0,273.1,0.0,23.1,0.0,0.0,0.0,1038.6
malecns_ge5,0.152,loomR,1921.7,0.0,0.0,290.0,2.2,0.0,0.0,0.0,0.0,1220.7
malecns_ge5,0.152,rand0_150,7650.2,39.4,0.0,0.0,6.1,0.8,12.2,1.7,32.6,2009.6
malecns_ge5,0.152,rand0_40,7011.5,25.6,0.0,0.0,3.9,0.8,7.8,1.7,18.6,1029.8
malecns_ge5,0.152,rand0_80,7582.8,40.0,0.0,0.0,6.1,0.8,12.2,1.7,31.2,1800.1
malecns_ge5,0.152,rand1_150,7914.5,44.4,0.0,0.0,5.3,1.9,10.6,3.9,33.2,1932.4
malecns_ge5,0.152,rand1_40,7419.5,30.0,0.0,0.0,4.2,0.6,8.3,1.1,22.9,1263.8
malecns_ge5,0.152,rand1_80,7628.3,38.3,0.0,0.0,4.4,1.4,8.9,2.8,28.7,1583.2
malecns_ge5,0.152,rand2_150,7583.5,41.1,0.0,0.0,5.6,0.8,11.1,1.7,31.6,1930.3
malecns_ge5,0.152,rand2_40,4697.8,18.3,0.0,0.0,1.9,0.6,3.9,1.1,14.3,833.1
malecns_ge5,0.152,rand2_80,7263.2,34.4,0.0,0.0,4.4,0.8,8.9,1.7,25.0,1451.0
malecns_ge5,0.152,sugar10,8.3,0.0,0.0,0.0,0.0,0.0,0.0,0.0,0.0,5.5
malecns_ge5,0.152,sugar100,384.0,59.4,0.0,0.0,0.0,0.0,0.0,0.0,0.0,222.5
malecns_ge5,0.152,sugar100_bitter,7703.2,0.0,0.0,0.0,5.6,0.0,11.1,0.0,16.9,1462.0
malecns_ge5,0.152,sugar150,7455.8,127.8,0.0,0.0,5.0,0.0,10.0,0.0,12.1,1476.6
malecns_ge5,0.152,sugar20,23.2,0.0,0.0,0.0,0.0,0.0,0.0,0.0,0.0,17.6
malecns_ge5,0.152,sugar40,65.8,1.1,0.0,0.0,0.0,0.0,0.0,0.0,0.0,46.9
malecns_ge5,0.152,sugar40_bitter,7789.7,0.0,0.0,0.0,5.3,0.0,10.6,0.0,21.5,1518.1
malecns_ge5,0.152,sugar60,102.3,5.6,0.0,0.0,0.0,0.0,0.0,0.0,0.0,79.3
malecns_ge5,0.152,sugar80,229.5,26.1,0.0,0.0,0.0,0.0,0.0,0.0,0.0,126.1
malecns_ge5,0.152,sugar80_bitter,7647.3,0.0,0.0,0.0,6.7,0.0,13.3,0.0,17.9,1480.7
malecns_ge5,0.275,bitter150,16321.7,20.6,0.0,1.1,4.2,0.0,8.3,0.0,12.3,2438.9
malecns_ge5,0.275,head,18139.5,51.7,0.0,0.0,0.0,0.0,0.0,0.0,181.2,2387.1
malecns_ge5,0.275,lc10L,16946.5,0.0,0.0,0.0,77.2,0.0,151.1,0.0,11.4,2378.5
malecns_ge5,0.275,lc10R,17067.5,5.0,0.0,0.0,0.0,56.1,0.0,108.3,10.6,2309.7
malecns_ge5,0.275,loom,17666.5,0.0,0.0,409.4,4.2,1.4,8.3,0.0,0.0,2675.4
malecns_ge5,0.275,loomL,17098.5,0.0,0.0,224.4,10.8,2.5,21.7,0.0,2.8,2487.7
malecns_ge5,0.275,loomR,17039.8,0.0,0.0,242.2,6.1,0.0,9.4,0.0,0.7,2269.5
malecns_ge5,0.275,rand0_150,16448.2,12.8,0.0,0.0,6.7,0.8,13.3,1.1,19.3,2798.2
malecns_ge5,0.275,rand0_40,16190.5,16.1,0.0,0.0,7.8,1.7,15.6,2.8,20.1,2657.9
malecns_ge5,0.275,rand0_80,16236.2,16.7,0.0,0.0,8.3,0.6,16.7,1.1,19.6,2683.4
malecns_ge5,0.275,rand1_150,16308.0,17.2,0.0,0.0,6.7,2.2,12.8,4.4,19.3,2642.0
malecns_ge5,0.275,rand1_40,16093.5,17.8,0.0,0.0,7.8,2.2,15.6,4.4,19.6,2591.9
malecns_ge5,0.275,rand1_80,16185.7,15.6,0.0,0.0,6.1,1.7,12.2,3.3,20.7,2591.0
malecns_ge5,0.275,rand2_150,16327.5,3.3,0.0,1.1,7.2,0.3,13.3,0.0,15.8,2632.8
malecns_ge5,0.275,rand2_40,16060.5,8.3,0.0,1.4,5.0,0.8,9.4,0.6,15.4,2181.8
malecns_ge5,0.275,rand2_80,16078.7,8.3,0.0,1.1,6.4,0.3,12.2,0.0,16.5,2497.5
malecns_ge5,0.275,sugar10,13014.3,15.0,0.0,0.0,1.4,0.3,2.8,0.6,6.3,1667.4
malecns_ge5,0.275,sugar100,16231.8,203.9,35.0,0.0,10.0,0.0,20.0,0.0,3.6,2586.6
malecns_ge5,0.275,sugar100_bitter,15951.8,24.4,0.0,0.0,5.3,0.3,10.6,0.6,10.4,2461.8
malecns_ge5,0.275,sugar150,16173.3,251.7,48.9,0.0,14.4,0.0,28.9,0.0,1.0,2632.9
malecns_ge5,0.275,sugar20,15937.5,75.0,7.2,0.0,3.1,0.3,6.1,0.6,8.1,2030.4
malecns_ge5,0.275,sugar40,13437.7,196.7,42.8,0.0,3.1,0.0,6.1,0.0,3.7,2245.7
malecns_ge5,0.275,sugar40_bitter,16133.2,22.8,0.0,0.3,6.1,0.3,12.2,0.6,12.3,2484.2
malecns_ge5,0.275,sugar60,16235.3,192.8,38.3,0.0,8.6,0.0,17.2,0.0,4.7,2429.1
malecns_ge5,0.275,sugar80,16265.8,198.9,34.4,0.0,13.1,0.0,26.1,0.0,4.0,2536.3
malecns_ge5,0.275,sugar80_bitter,15997.8,21.1,0.0,0.0,5.3,0.0,10.6,0.0,10.3,2455.1
malecns_ge5_shuf,0.152,bitter150,122.8,0.0,0.0,0.0,0.0,0.0,0.0,0.0,0.0,248.6
malecns_ge5_shuf,0.152,head,1131.2,0.0,0.0,6.9,0.0,0.0,0.0,0.0,0.8,1610.6
malecns_ge5_shuf,0.152,lc10L,804.3,0.0,0.0,0.0,0.0,0.0,0.0,0.0,3.6,1326.6
malecns_ge5_shuf,0.152,lc10R,1099.5,0.0,0.0,0.0,0.0,0.0,0.0,0.0,1.2,1487.3
malecns_ge5_shuf,0.152,loom,1885.8,0.0,0.0,0.0,0.0,0.0,0.0,0.0,0.0,2042.9
malecns_ge5_shuf,0.152,loomL,702.8,0.0,0.0,0.0,0.0,0.0,0.0,0.0,0.0,1270.9
malecns_ge5_shuf,0.152,loomR,916.0,0.0,0.0,0.0,0.0,0.0,0.0,0.0,0.0,1459.0
malecns_ge5_shuf,0.152,rand0_150,118.3,0.0,0.0,0.0,0.0,0.0,0.0,0.0,0.0,212.0
malecns_ge5_shuf,0.152,rand0_40,15.5,0.0,0.0,0.0,0.0,0.0,0.0,0.0,0.0,49.4
malecns_ge5_shuf,0.152,rand0_80,41.7,0.0,0.0,0.0,0.0,0.0,0.0,0.0,0.0,95.6
malecns_ge5_shuf,0.152,rand1_150,113.7,0.0,0.0,10.3,0.0,0.0,0.0,0.0,0.0,245.4
malecns_ge5_shuf,0.152,rand1_40,14.2,0.0,0.0,0.0,0.0,0.0,0.0,0.0,0.0,38.0
malecns_ge5_shuf,0.152,rand1_80,44.7,0.0,0.0,3.1,0.0,0.0,0.0,0.0,0.0,103.6
malecns_ge5_shuf,0.152,rand2_150,96.0,0.0,0.0,0.0,0.0,0.0,0.0,0.0,0.0,208.6
malecns_ge5_shuf,0.152,rand2_40,8.7,0.0,0.0,0.0,0.0,0.0,0.0,0.0,0.0,40.8
malecns_ge5_shuf,0.152,rand2_80,28.0,0.0,0.0,0.0,0.0,0.0,0.0,0.0,0.0,63.3
malecns_ge5_shuf,0.152,sugar10,0.0,0.0,0.0,0.0,0.0,0.0,0.0,0.0,0.0,18.1
malecns_ge5_shuf,0.152,sugar100,71.8,0.0,0.0,0.0,0.0,0.0,0.0,0.0,0.0,175.5
malecns_ge5_shuf,0.152,sugar100_bitter,191.0,0.0,0.0,0.0,0.0,0.0,0.0,0.0,0.0,512.3
malecns_ge5_shuf,0.152,sugar150,134.2,0.0,0.0,0.0,0.0,0.0,0.0,0.0,0.0,354.3
malecns_ge5_shuf,0.152,sugar20,0.8,0.0,0.0,0.0,0.0,0.0,0.0,0.0,0.0,25.7
malecns_ge5_shuf,0.152,sugar40,9.8,0.0,0.0,0.0,0.0,0.0,0.0,0.0,0.0,45.3
malecns_ge5_shuf,0.152,sugar40_bitter,130.8,0.0,0.0,0.0,0.0,0.0,0.0,0.0,0.0,306.5
malecns_ge5_shuf,0.152,sugar60,21.8,0.0,0.0,0.0,0.0,0.0,0.0,0.0,0.0,59.1
malecns_ge5_shuf,0.152,sugar80,46.8,0.0,0.0,0.0,0.0,0.0,0.0,0.0,0.0,109.9
malecns_ge5_shuf,0.152,sugar80_bitter,165.7,0.0,0.0,0.0,0.0,0.0,0.0,0.0,0.0,448.2
malecns_ge5_shuf,0.275,bitter150,2024.0,0.0,0.0,0.0,0.0,5.3,0.0,10.6,0.0,1471.1
malecns_ge5_shuf,0.275,head,12680.8,0.0,0.0,0.6,0.0,0.3,0.0,0.6,7.2,3023.5
malecns_ge5_shuf,0.275,lc10L,11270.0,0.0,0.0,0.0,0.0,0.0,0.0,0.0,9.3,2878.9
malecns_ge5_shuf,0.275,lc10R,12234.5,0.0,0.0,0.0,0.0,0.0,0.0,0.0,3.3,2940.1
malecns_ge5_shuf,0.275,loom,14600.2,0.0,0.0,0.0,0.0,0.0,0.0,0.0,6.8,3168.2
malecns_ge5_shuf,0.275,loomL,11715.8,0.0,0.0,0.0,0.0,0.6,0.0,1.1,3.4,2913.0
malecns_ge5_shuf,0.275,loomR,11894.7,0.0,0.0,0.0,0.0,0.0,0.0,0.0,2.7,2979.9
malecns_ge5_shuf,0.275,rand0_150,1332.8,0.0,0.0,0.0,0.0,0.3,0.0,0.6,0.1,1346.0
malecns_ge5_shuf,0.275,rand0_40,109.5,0.0,0.0,0.0,0.0,0.0,0.0,0.0,0.0,150.7
malecns_ge5_shuf,0.275,rand0_80,381.5,0.0,0.0,0.3,0.0,0.0,0.0,0.0,0.0,589.8
malecns_ge5_shuf,0.275,rand1_150,4292.3,0.0,0.0,6.4,0.0,1.9,0.0,3.9,0.0,1764.0
malecns_ge5_shuf,0.275,rand1_40,132.8,0.0,0.0,1.4,0.0,0.0,0.0,0.0,0.0,233.8
malecns_ge5_shuf,0.275,rand1_80,649.0,0.0,0.0,7.2,0.0,0.6,0.0,1.1,0.0,881.5
malecns_ge5_shuf,0.275,rand2_150,1868.3,0.0,0.0,0.0,0.0,1.4,0.0,2.8,0.0,1284.2
malecns_ge5_shuf,0.275,rand2_40,52.2,0.0,0.0,0.0,0.0,0.0,0.0,0.0,0.0,92.9
malecns_ge5_shuf,0.275,rand2_80,257.2,0.0,0.0,0.0,0.0,0.0,0.0,0.0,0.0,386.3
malecns_ge5_shuf,0.275,sugar10,5.8,0.0,0.0,0.0,0.0,0.0,0.0,0.0,0.0,21.0
malecns_ge5_shuf,0.275,sugar100,402.5,0.0,0.0,0.0,0.0,0.0,0.0,0.0,0.0,728.7
malecns_ge5_shuf,0.275,sugar100_bitter,6275.8,0.0,0.0,0.0,0.0,1.7,0.0,3.3,0.4,2037.0
malecns_ge5_shuf,0.275,sugar150,825.0,0.0,0.0,0.0,0.0,0.0,0.0,0.0,0.0,1091.1
malecns_ge5_shuf,0.275,sugar20,26.2,0.0,0.0,0.0,0.0,0.0,0.0,0.0,0.0,61.9
malecns_ge5_shuf,0.275,sugar40,92.8,0.0,0.0,0.0,0.0,0.0,0.0,0.0,0.0,225.1
malecns_ge5_shuf,0.275,sugar40_bitter,2782.3,0.0,0.0,0.0,0.0,5.3,0.0,10.6,0.1,1647.4
malecns_ge5_shuf,0.275,sugar60,169.2,0.0,0.0,0.0,0.0,0.0,0.0,0.0,0.0,374.5
malecns_ge5_shuf,0.275,sugar80,283.5,0.0,0.0,0.0,0.0,0.0,0.0,0.0,0.0,565.8
malecns_ge5_shuf,0.275,sugar80_bitter,3169.3,0.0,0.0,0.0,0.0,3.6,0.0,7.2,0.2,1765.8
