graph,w,removed,dt,fly,sd,s150,s150_MN9_L,s150_active,s80,s80_MN9_L,s80_active,s40,s40_MN9_L,s40_active,s150_l100,s150_l100_MN9_L,s150_l100_active,s150_l150,s150_l150_MN9_L,s150_l150_active,s80_l100,s80_l100_MN9_L,s80_l100_active,s40_l100,s40_l100_MN9_L,s40_l100_active,s150_lL150,s150_lL150_MN9_L,s150_lL150_active,s150_lR150,s150_lR150_MN9_L,s150_lR150_active,loom,loom_MN9_L,loom_active
malecns_all,0.152,intact,0.2,1,0.5,67.0,125.2,5390.6,6.2,12.4,303.4,0.0,0.0,75.6,39.2,76.4,3104.8,22.0,44.0,5665.8,0.0,0.0,2888.8,0.0,0.0,2841.4,61.0,113.2,4709.0,63.2,120.4,4675.0,386.4,0.0,3699.4
malecns_all,0.152,intact,0.2,10,0.5,56.400000000000006,110.4,9953.4,19.6,39.2,397.6,1.0,2.0,80.6,38.0,74.4,7396.2,21.2,42.4,7019.2,0.0,0.0,2926.8,0.0,0.0,2856.8,52.2,98.4,7155.0,55.2,104.4,4828.6,390.79999999999995,0.0,3283.8
malecns_all,0.152,PVLP069_L,0.2,4,0.5,53.2,102.4,11827.2,8.2,16.4,275.0,0.0,0.0,81.4,25.8,51.6,13433.6,18.2,36.4,13418.2,0.8,1.6,2888.8,0.0,0.0,2807.2,42.0,80.4,13083.8,33.199999999999996,64.8,11047.0,382.8,0.0,3232.2
malecns_all,0.152,intact,0.2,4,0.5,53.2,102.4,11827.2,8.2,16.4,275.0,0.0,0.0,81.4,25.2,50.4,11398.4,17.2,34.4,9669.0,0.0,0.0,2908.6,0.0,0.0,2863.0,38.4,73.6,13223.2,37.2,72.0,11078.6,383.0,0.0,3272.2
malecns_all,0.152,PVLP069_L,0.2,1,0.5,67.0,125.2,5390.6,6.2,12.4,303.4,0.0,0.0,75.6,39.6,77.2,5154.2,21.0,42.0,9849.6,7.2,14.4,2846.4,0.0,0.0,2776.0,70.0,128.4,4421.2,59.800000000000004,113.2,2596.2,385.8,0.0,3694.0
malecns_all,0.152,intact,0.2,8,0.5,64.2,120.4,8931.4,20.0,40.0,368.8,1.2,2.4,99.0,35.0,67.2,7294.8,16.0,32.0,9629.8,1.0,2.0,4436.8,0.0,0.0,2872.0,52.4,97.2,6890.8,57.6,106.8,6790.0,384.4,0.0,3285.8
malecns_all,0.152,intact,0.2,2,0.5,51.0,96.8,12303.8,23.4,46.4,4988.0,1.2,2.4,94.8,43.0,82.4,13577.2,23.4,46.8,14037.4,0.8,1.6,2951.0,0.0,0.0,2843.4,53.0,98.4,11229.8,48.0,90.8,13428.6,385.8,0.0,3548.6
malecns_all,0.152,PVLP069_L,0.2,3,0.5,48.199999999999996,94.8,12240.0,15.4,30.8,2397.2,0.2,0.4,90.0,34.0,68.0,13568.0,20.2,40.4,13934.0,2.6,5.2,4982.8,0.0,0.0,2855.6,35.0,69.2,13339.6,33.400000000000006,66.4,13275.6,385.4,0.0,3321.8
malecns_all,0.152,intact,0.2,6,0.5,41.2,81.2,12324.8,11.6,23.2,374.6,0.2,0.4,90.8,29.2,58.4,13578.2,18.0,36.0,13364.0,0.2,0.4,2965.0,0.0,0.0,2897.6,26.8,53.2,13381.4,31.0,61.2,13407.6,386.4,0.0,3345.4
malecns_all,0.152,intact,0.2,3,0.5,48.199999999999996,94.8,12240.0,15.4,30.8,2397.2,0.2,0.4,90.0,33.6,67.2,13600.6,24.2,48.4,14010.0,6.8,13.6,7147.4,0.0,0.0,2910.0,32.6,64.8,13364.0,38.400000000000006,76.4,13307.4,386.0,0.0,3429.0
malecns_all,0.152,intact,0.2,9,0.5,64.2,126.8,12124.6,23.4,46.8,453.6,0.2,0.4,79.2,49.6,98.0,7317.8,22.0,44.0,13616.0,3.0,6.0,2913.8,0.0,0.0,2859.0,58.8,114.0,12621.2,63.2,122.0,8838.6,381.4,0.0,4258.4
malecns_all,0.152,PVLP069_R,0.2,1,0.5,67.0,125.2,5390.6,6.2,12.4,303.4,0.0,0.0,75.6,43.6,84.4,7235.0,25.2,50.4,11940.0,5.6,11.2,4890.4,0.0,0.0,2721.8,70.8,129.6,6396.8,59.599999999999994,111.6,6811.8,384.2,0.0,3857.8
malecns_all,0.152,PVLP069_L,0.2,8,0.5,64.2,120.4,8931.4,20.0,40.0,368.8,1.2,2.4,99.0,31.799999999999997,62.8,13478.2,14.0,28.0,5793.6,3.8,7.6,6821.6,0.0,0.0,2793.6,54.4,100.0,8845.0,62.8,116.8,4774.4,384.0,0.0,3254.6
malecns_all,0.152,PVLP069_L,0.2,7,0.5,53.6,106.0,12265.6,7.8,15.6,276.4,0.0,0.0,83.8,37.400000000000006,74.4,11437.8,22.6,45.2,13943.0,0.0,0.0,2932.2,0.0,0.0,2801.2,47.800000000000004,92.4,11896.0,47.4,93.6,12649.6,386.0,0.0,3295.8
malecns_all,0.152,PVLP069_L,0.2,5,0.5,55.4,109.2,12138.6,9.0,18.0,265.8,0.6,1.2,96.4,29.8,59.2,12410.2,15.8,31.6,13850.2,0.0,0.0,2851.8,0.0,0.0,2815.2,40.2,78.4,13328.0,42.2,82.4,10793.4,387.6,0.0,3245.4
malecns_all,0.152,PVLP069_L,0.2,6,0.5,41.2,81.2,12324.8,11.6,23.2,374.6,0.2,0.4,90.8,26.0,52.0,13493.6,19.4,38.8,13901.4,0.0,0.0,2869.2,0.0,0.0,2824.8,30.4,60.0,13368.0,27.8,55.2,13370.4,386.0,0.0,3265.0
malecns_all,0.152,PVLP069_L,0.2,10,0.5,56.400000000000006,110.4,9953.4,19.6,39.2,397.6,1.0,2.0,80.6,33.4,66.0,5199.4,15.6,31.2,7644.2,2.2,4.4,2901.8,0.0,0.0,2817.4,55.8,104.8,9009.2,52.4,100.8,4795.6,391.2,0.0,3232.6
malecns_all,0.152,intact,0.2,5,0.5,55.4,109.2,12138.6,9.0,18.0,265.8,0.6,1.2,96.4,32.6,64.4,11413.6,15.0,30.0,13872.8,0.0,0.0,2923.6,0.0,0.0,2862.0,46.4,91.2,8924.0,42.8,84.0,8849.6,387.8,0.0,3280.2
malecns_all,0.152,PVLP069_L,0.2,9,0.5,64.2,126.8,12124.6,23.4,46.8,453.6,0.2,0.4,79.2,42.8,84.8,9634.4,25.6,51.2,14001.8,0.8,1.6,2848.2,0.0,0.0,2822.4,60.4,117.6,7348.2,59.0,115.2,10840.0,379.6,0.0,4014.6
malecns_all,0.152,PVLP069_R,0.2,2,0.5,51.0,96.8,12303.8,23.4,46.4,4988.0,1.2,2.4,94.8,48.2,90.4,9171.6,27.799999999999997,54.8,13982.2,3.6,7.2,2862.4,0.0,0.0,2753.6,46.0,86.0,13456.4,45.199999999999996,85.6,13380.4,384.4,0.0,3279.6
malecns_all,0.152,PVLP069_R,0.2,3,0.5,48.199999999999996,94.8,12240.0,15.4,30.8,2397.2,0.2,0.4,90.0,37.800000000000004,75.2,13518.8,24.6,49.2,13941.6,2.4,4.8,4918.4,0.0,0.0,2829.4,33.0,66.0,13381.0,40.4,80.0,13307.6,385.0,0.0,3317.2
malecns_all,0.152,PVLP069_R,0.2,4,0.5,53.2,102.4,11827.2,8.2,16.4,275.0,0.0,0.0,81.4,33.2,65.2,11328.0,18.8,37.6,13620.2,0.4,0.8,2766.2,0.0,0.0,2740.8,37.4,72.0,11090.8,37.6,72.4,11041.2,381.79999999999995,0.0,3211.8
malecns_all,0.152,intact,0.2,7,0.5,53.6,106.0,12265.6,7.8,15.6,276.4,0.0,0.0,83.8,34.800000000000004,69.2,9385.4,23.0,46.0,14051.0,1.4,2.8,3277.8,0.0,0.0,2887.8,45.0,87.2,12306.4,46.0,91.2,10922.6,386.6,0.0,3756.2
malecns_all,0.152,PVLP069_R,0.2,8,0.5,64.2,120.4,8931.4,20.0,40.0,368.8,1.2,2.4,99.0,36.400000000000006,70.4,11380.6,14.8,29.6,11167.2,8.0,16.0,7050.0,0.0,0.0,2793.6,61.4,112.8,6634.2,66.2,120.8,6717.4,383.4,0.0,3242.0
malecns_all,0.152,PVLP069_R,0.2,10,0.5,56.400000000000006,110.4,9953.4,19.6,39.2,397.6,1.0,2.0,80.6,37.6,73.2,5237.2,24.8,49.2,6382.4,0.6,1.2,2831.4,0.0,0.0,2791.2,48.6,91.2,9301.2,59.6,113.2,10147.0,389.4,0.0,3223.0
malecns_all,0.152,PVLP069_R,0.2,7,0.5,53.6,106.0,12265.6,7.8,15.6,276.4,0.0,0.0,83.8,42.199999999999996,82.8,10639.0,23.6,47.2,13971.6,0.0,0.0,3132.4,0.0,0.0,2769.2,51.4,98.8,11238.8,54.199999999999996,104.8,11030.0,385.0,0.0,3929.8
malecns_all,0.152,PVLP069_R,0.2,9,0.5,64.2,126.8,12124.6,23.4,46.8,453.6,0.2,0.4,79.2,59.800000000000004,116.4,6404.0,27.0,54.0,13878.6,1.2,2.4,2831.2,0.0,0.0,2802.6,55.400000000000006,108.4,9448.6,68.2,132.8,11113.6,379.4,0.0,3989.4
malecns_all,0.152,PVLP069_both,0.2,1,0.5,67.0,125.2,5390.6,6.2,12.4,303.4,0.0,0.0,75.6,44.8,86.0,2929.8,21.2,42.4,11790.0,6.6,13.2,4857.8,0.0,0.0,2686.4,70.2,128.4,4456.4,70.2,129.6,3288.8,383.6,0.0,3910.0
malecns_all,0.152,PVLP069_R,0.2,6,0.5,41.2,81.2,12324.8,11.6,23.2,374.6,0.2,0.4,90.8,29.2,57.6,13437.8,20.0,40.0,13948.0,0.6,1.2,2844.6,0.0,0.0,2763.6,30.2,60.0,13357.4,34.2,67.2,13379.2,385.4,0.0,3298.4
malecns_all,0.152,PVLP069_both,0.2,4,0.5,53.2,102.4,11827.2,8.2,16.4,275.0,0.0,0.0,81.4,30.400000000000002,59.2,12495.0,20.0,40.0,13771.8,0.0,0.0,2764.6,0.0,0.0,2742.2,53.6,100.4,9337.4,41.6,80.0,11057.8,381.6,0.0,3216.0
malecns_all,0.152,PVLP069_both,0.2,5,0.5,55.4,109.2,12138.6,9.0,18.0,265.8,0.6,1.2,96.4,37.0,72.8,11357.0,16.0,32.0,13831.6,0.0,0.0,2800.4,0.0,0.0,2783.4,46.0,89.2,10988.6,50.199999999999996,97.6,10947.0,386.0,0.0,3187.2
malecns_all,0.152,PVLP069_L,0.2,2,0.5,51.0,96.8,12303.8,23.4,46.4,4988.0,1.2,2.4,94.8,38.4,73.6,11540.0,26.0,52.0,14018.6,0.6,1.2,2889.4,0.0,0.0,2804.4,46.2,86.4,13453.4,55.0,102.8,10906.2,385.2,0.0,3260.2
malecns_all,0.152,PVLP069_both,0.2,3,0.5,48.199999999999996,94.8,12240.0,15.4,30.8,2397.2,0.2,0.4,90.0,37.2,74.0,13532.4,22.8,45.6,13947.8,0.2,0.4,4446.6,0.0,0.0,2857.4,32.4,63.6,13286.2,42.6,84.0,13327.2,384.20000000000005,0.0,3314.6
malecns_all,0.152,PVLP069_both,0.2,8,0.5,64.2,120.4,8931.4,20.0,40.0,368.8,1.2,2.4,99.0,40.6,78.0,9243.8,11.0,22.0,3807.8,8.2,16.4,6987.6,0.0,0.0,2790.8,61.2,112.0,4685.4,73.39999999999999,133.2,2435.2,382.4,0.0,3225.0
malecns_all,0.152,PVLP069_R,0.2,5,0.5,55.4,109.2,12138.6,9.0,18.0,265.8,0.6,1.2,96.4,32.0,63.2,9297.8,15.6,31.2,13763.0,0.0,0.0,2815.8,0.0,0.0,2783.6,45.800000000000004,88.4,10970.2,47.6,92.8,11058.2,386.0,0.0,3249.0
malecns_all,0.152,PVLP069_both,0.2,10,0.5,56.400000000000006,110.4,9953.4,19.6,39.2,397.6,1.0,2.0,80.6,44.4,86.0,2989.0,20.0,40.0,7894.0,0.8,1.6,2823.6,0.0,0.0,2740.2,54.599999999999994,103.6,6803.6,60.0,113.2,10050.6,388.4,0.0,3186.4
malecns_all,0.152,intact,0.2,1,1.0,78.8,142.4,882.4,10.6,20.8,342.2,0.0,0.0,80.2,65.0,118.0,3099.6,26.6,52.0,14223.2,4.4,8.8,5949.8,0.0,0.0,3950.2,77.60000000000001,138.4,2559.8,70.60000000000001,128.4,5278.2,385.0,0.0,4362.6
malecns_all,0.152,PVLP069_both,0.2,9,0.5,64.2,126.8,12124.6,23.4,46.8,453.6,0.2,0.4,79.2,55.800000000000004,108.4,7064.0,24.2,48.4,13975.0,2.4,4.8,2822.2,0.0,0.0,2769.0,53.0,103.6,11341.8,66.2,126.8,11000.2,378.6,0.0,4042.8
malecns_all,0.152,PVLP069_both,0.2,6,0.5,41.2,81.2,12324.8,11.6,23.2,374.6,0.2,0.4,90.8,26.0,52.0,13475.6,21.4,42.8,13925.8,0.4,0.8,2801.8,0.0,0.0,2739.0,28.0,56.0,13282.6,35.2,69.2,13437.2,384.79999999999995,0.0,3244.2
malecns_all,0.152,PVLP069_both,0.2,2,0.5,51.0,96.8,12303.8,23.4,46.4,4988.0,1.2,2.4,94.8,44.6,84.4,9355.0,26.0,52.0,14030.8,0.0,0.0,2817.8,0.0,0.0,2796.0,55.0,101.2,10777.8,65.2,120.4,6855.8,383.79999999999995,0.0,3270.6
malecns_all,0.152,intact,0.2,3,1.0,49.0,95.6,12461.6,38.199999999999996,75.6,12198.6,2.2,4.4,145.8,33.6,66.8,13658.6,25.0,50.0,14084.8,22.4,44.8,13613.6,0.0,0.0,3006.6,39.8,78.0,13492.0,35.6,70.8,13355.2,385.2,0.0,3582.6
malecns_all,0.152,intact,0.2,2,1.0,55.0,104.0,12588.0,59.6,106.8,5358.8,2.4,4.8,112.6,43.8,80.8,13195.0,24.4,48.8,14243.2,39.2,70.4,5420.6,0.0,0.0,2909.6,49.8,89.6,13686.8,49.400000000000006,90.4,13664.0,384.6,0.0,4237.2
malecns_all,0.152,intact,0.2,4,1.0,54.2,101.2,11920.8,9.6,19.2,307.2,0.0,0.0,78.4,23.4,46.8,13523.0,16.6,33.2,13229.6,0.2,0.4,2939.0,0.0,0.0,2895.0,31.200000000000003,61.2,13300.8,27.8,55.2,13179.6,379.2,0.0,3320.6
malecns_all,0.152,intact,0.2,5,1.0,50.0,98.4,12327.4,9.0,18.0,281.8,0.6,1.2,102.4,25.2,50.0,13216.4,13.6,27.2,13949.8,0.2,0.4,4845.0,0.0,0.0,2900.4,33.4,66.0,13374.6,41.6,82.0,12818.0,388.8,0.0,3326.8
malecns_all,0.152,intact,0.2,7,1.0,58.2,115.2,12427.6,15.0,30.0,335.6,0.2,0.4,95.4,44.599999999999994,87.6,10568.0,25.2,50.4,14261.0,5.6,11.2,9575.8,0.0,0.0,2914.4,48.8,96.0,13503.6,44.8,88.0,13413.0,385.6,0.0,4585.8
malecns_all,0.152,intact,0.2,10,1.0,69.8,132.4,3226.6,24.2,48.4,403.2,0.8,1.6,88.2,42.0,81.2,5307.4,24.0,48.0,3631.6,6.6,13.2,3045.4,0.0,0.0,2944.4,65.6,121.2,5006.8,53.2,102.4,2743.0,395.8,0.0,3308.2
malecns_all,0.152,intact,0.2,8,1.0,66.0,119.2,5448.0,24.6,49.2,12157.2,0.6,1.2,101.0,35.6,68.0,9387.0,13.2,26.4,8111.8,17.2,34.4,13488.6,0.0,0.0,2936.4,56.2,101.2,7018.0,67.60000000000001,120.4,2733.4,381.6,0.0,4242.2
malecns_all,0.152,PVLP069_L,0.2,1,1.0,78.8,142.4,882.4,10.6,20.8,342.2,0.0,0.0,80.2,58.6,108.4,5218.8,26.200000000000003,51.2,12218.6,5.4,10.4,5461.8,0.0,0.0,3907.0,77.0,137.2,2437.0,72.0,131.2,4048.8,384.8,0.0,4386.0
malecns_all,0.152,PVLP069_L,0.2,2,1.0,55.0,104.0,12588.0,59.6,106.8,5358.8,2.4,4.8,112.6,39.6,74.0,13826.4,28.0,55.2,14250.4,42.0,74.8,3236.0,0.0,0.0,2857.8,52.6,94.8,13490.6,48.8,89.6,13624.0,383.6,0.0,4257.8
malecns_all,0.152,PVLP069_L,0.2,5,1.0,50.0,98.4,12327.4,9.0,18.0,281.8,0.6,1.2,102.4,29.0,57.6,13436.8,14.2,28.4,13903.0,0.2,0.4,2897.0,0.0,0.0,2852.0,29.799999999999997,58.8,13335.0,40.599999999999994,79.6,12920.8,388.0,0.0,3270.8
malecns_all,0.152,PVLP069_L,0.2,7,1.0,58.2,115.2,12427.6,15.0,30.0,335.6,0.2,0.4,95.4,48.400000000000006,94.4,13381.0,25.6,51.2,14079.4,1.2,2.4,7378.0,0.0,0.0,2853.2,45.6,89.2,13450.0,50.0,98.8,13243.0,386.0,0.0,3979.2
malecns_all,0.152,PVLP069_L,0.2,6,1.0,42.2,82.4,12507.8,11.8,23.6,534.2,0.2,0.4,105.2,25.0,50.0,13645.2,20.8,41.6,14074.8,1.4,2.8,2936.0,0.0,0.0,2869.8,28.4,56.8,13479.0,24.8,49.2,13506.4,386.4,0.0,3287.0
malecns_all,0.152,PVLP069_L,0.2,10,1.0,69.8,132.4,3226.6,24.2,48.4,403.2,0.8,1.6,88.2,49.199999999999996,93.6,3100.0,27.0,53.6,3532.4,1.6,3.2,2926.8,0.0,0.0,2851.4,67.0,124.0,2665.6,59.0,112.8,2716.8,394.4,0.0,3250.6
malecns_all,0.152,PVLP069_R,0.2,1,1.0,78.8,142.4,882.4,10.6,20.8,342.2,0.0,0.0,80.2,68.4,125.2,3013.4,25.8,51.2,11936.4,0.0,0.0,3863.2,0.0,0.0,3885.6,75.4,134.4,2535.2,77.2,139.6,3483.6,384.0,0.0,4339.2
malecns_all,0.152,PVLP069_L,0.2,3,1.0,49.0,95.6,12461.6,38.199999999999996,75.6,12198.6,2.2,4.4,145.8,36.2,72.0,13632.4,25.4,50.4,14086.6,19.8,39.6,13000.0,0.0,0.0,2965.0,37.400000000000006,72.4,13459.0,37.199999999999996,73.6,13391.8,384.4,0.0,3484.6
malecns_all,0.152,PVLP069_both,0.2,7,0.5,53.6,106.0,12265.6,7.8,15.6,276.4,0.0,0.0,83.8,36.0,71.2,13614.4,20.8,41.6,11856.8,0.0,0.0,2937.4,0.0,0.0,2781.2,51.2,99.2,12320.6,48.6,95.2,12873.4,384.6,0.0,3262.4
malecns_all,0.152,PVLP069_L,0.2,8,1.0,66.0,119.2,5448.0,24.6,49.2,12157.2,0.6,1.2,101.0,43.0,79.6,7304.6,16.4,32.8,11984.0,16.8,33.6,13443.0,0.0,0.0,2868.2,56.599999999999994,101.6,7012.6,72.60000000000001,128.8,2706.8,381.2,0.0,4025.2
malecns_all,0.152,intact,0.2,9,1.0,80.2,156.4,9904.2,37.8,75.6,664.2,0.8,1.6,83.8,47.800000000000004,95.2,9388.4,25.4,50.8,14147.8,3.4,6.8,3138.0,0.0,0.0,2866.2,64.2,127.2,5362.4,77.2,150.4,6227.8,375.4,0.0,4345.2
malecns_all,0.152,PVLP069_L,0.2,9,1.0,80.2,156.4,9904.2,37.8,75.6,664.2,0.8,1.6,83.8,60.800000000000004,120.4,9142.2,29.8,59.6,14097.0,7.4,14.8,2885.8,0.0,0.0,2832.0,66.8,132.0,5400.6,73.6,143.6,4791.8,374.8,0.0,4303.6
malecns_all,0.152,PVLP069_R,0.2,2,1.0,55.0,104.0,12588.0,59.6,106.8,5358.8,2.4,4.8,112.6,42.199999999999996,78.8,13809.8,25.599999999999998,50.8,14195.0,37.6,69.2,3159.4,0.0,0.0,2877.2,48.199999999999996,87.6,13750.2,45.6,84.0,13608.6,383.2,0.0,4514.2
malecns_all,0.152,PVLP069_R,0.2,4,1.0,54.2,101.2,11920.8,9.6,19.2,307.2,0.0,0.0,78.4,26.0,52.0,13460.8,18.8,37.6,13000.4,4.4,8.8,7016.4,0.0,0.0,2783.8,38.599999999999994,73.6,13264.0,31.6,61.6,13227.2,377.8,0.0,3274.0
malecns_all,0.152,PVLP069_L,0.2,4,1.0,54.2,101.2,11920.8,9.6,19.2,307.2,0.0,0.0,78.4,29.2,57.6,13434.6,17.0,34.0,13857.6,0.0,0.0,3568.4,0.0,0.0,2833.0,33.2,64.0,13270.8,30.2,58.8,13154.4,379.0,0.0,3238.4
malecns_all,0.152,PVLP069_R,0.2,3,1.0,49.0,95.6,12461.6,38.199999999999996,75.6,12198.6,2.2,4.4,145.8,37.800000000000004,75.2,13692.2,29.599999999999998,58.8,14080.4,19.8,39.6,11515.4,0.0,0.0,2947.2,38.6,75.2,13558.4,39.4,77.6,13388.2,384.2,0.0,3769.6
malecns_all,0.152,PVLP069_R,0.2,5,1.0,50.0,98.4,12327.4,9.0,18.0,281.8,0.6,1.2,102.4,29.4,58.4,13535.2,13.8,27.6,13863.4,0.2,0.4,2860.6,0.0,0.0,2827.0,32.4,64.0,13451.2,50.0,97.2,13217.0,386.79999999999995,0.0,3692.2
malecns_all,0.152,PVLP069_both,0.2,1,1.0,78.8,142.4,882.4,10.6,20.8,342.2,0.0,0.0,80.2,63.0,114.0,4982.0,33.6,64.4,12228.2,0.0,0.0,3854.0,0.0,0.0,3909.8,77.19999999999999,137.2,2413.6,77.2,138.4,3463.2,382.2,0.0,4362.8
malecns_all,0.152,PVLP069_R,0.2,8,1.0,66.0,119.2,5448.0,24.6,49.2,12157.2,0.6,1.2,101.0,44.6,82.4,7271.8,18.0,36.0,10537.2,18.6,37.2,13449.4,0.0,0.0,2857.8,57.0,102.4,7002.0,77.8,137.2,2684.8,380.0,0.0,4416.2
malecns_all,0.152,PVLP069_R,0.2,7,1.0,58.2,115.2,12427.6,15.0,30.0,335.6,0.2,0.4,95.4,41.2,81.2,13723.6,24.8,49.6,14176.4,0.8,1.6,7618.0,0.0,0.0,2815.0,46.2,91.2,13155.8,47.800000000000004,94.4,13450.2,384.79999999999995,0.0,4501.0
malecns_all,0.152,PVLP069_R,0.2,9,1.0,80.2,156.4,9904.2,37.8,75.6,664.2,0.8,1.6,83.8,66.6,131.2,11397.6,29.2,58.4,14075.6,7.8,15.6,3313.2,0.0,0.0,2852.0,68.60000000000001,136.4,5256.0,81.39999999999999,157.6,6129.6,373.6,0.0,4297.0
malecns_all,0.152,PVLP069_R,0.2,6,1.0,42.2,82.4,12507.8,11.8,23.6,534.2,0.2,0.4,105.2,27.8,55.6,13605.4,20.4,40.8,14052.0,5.2,10.4,5039.4,0.0,0.0,2807.4,28.2,56.4,13460.0,31.6,63.2,13493.0,386.0,0.0,3648.4
malecns_all,0.152,intact,0.2,6,1.0,42.2,82.4,12507.8,11.8,23.6,534.2,0.2,0.4,105.2,26.8,53.6,13677.4,21.0,42.0,14106.0,4.8,9.6,5167.4,0.0,0.0,2904.8,29.8,59.2,13492.4,23.4,46.8,13549.4,386.6,0.0,3784.6
malecns_all,0.152,PVLP069_both,0.2,4,1.0,54.2,101.2,11920.8,9.6,19.2,307.2,0.0,0.0,78.4,27.2,54.0,13476.6,16.8,33.6,13175.6,0.2,0.4,2792.8,0.0,0.0,2778.6,33.0,63.2,13339.2,32.6,64.0,13217.4,376.6,0.0,3248.0
malecns_all,0.152,PVLP069_both,0.2,10,1.0,69.8,132.4,3226.6,24.2,48.4,403.2,0.8,1.6,88.2,43.199999999999996,83.6,5209.4,22.4,44.4,6404.4,3.0,6.0,2897.2,0.0,0.0,2817.8,64.39999999999999,119.6,2713.6,68.2,128.4,2522.0,393.2,0.0,3265.8
malecns_all,0.152,PVLP069_both,0.2,3,1.0,49.0,95.6,12461.6,38.199999999999996,75.6,12198.6,2.2,4.4,145.8,40.199999999999996,79.6,13660.6,29.4,58.4,14088.6,20.6,41.2,11484.2,0.0,0.0,2957.4,40.4,79.2,13470.6,43.8,86.8,13406.2,383.0,0.0,3881.8
malecns_all,0.152,PVLP069_both,0.2,8,1.0,66.0,119.2,5448.0,24.6,49.2,12157.2,0.6,1.2,101.0,44.4,83.2,7261.0,14.0,28.0,10055.6,18.6,37.2,13427.2,0.0,0.0,2820.8,56.4,101.2,8880.6,75.2,131.6,2781.4,379.2,0.0,4074.2
malecns_all,0.152,PVLP069_both,0.2,7,1.0,58.2,115.2,12427.6,15.0,30.0,335.6,0.2,0.4,95.4,40.0,79.2,13685.6,27.0,54.0,14075.6,2.0,4.0,7106.6,0.0,0.0,2806.4,48.199999999999996,94.8,13417.6,45.6,90.4,13474.8,383.4,0.0,4378.2
malecns_all,0.152,PVLP069_both,0.2,5,1.0,50.0,98.4,12327.4,9.0,18.0,281.8,0.6,1.2,102.4,31.2,62.4,13461.0,13.8,27.6,13877.0,0.0,0.0,2860.8,0.0,0.0,2857.0,33.6,66.0,13429.8,39.2,76.4,13279.8,386.0,0.0,3293.0
malecns_all,0.152,PVLP069_both,0.2,2,1.0,55.0,104.0,12588.0,59.6,106.8,5358.8,2.4,4.8,112.6,47.2,87.2,13754.8,28.2,56.4,14200.6,47.199999999999996,84.8,3178.8,0.0,0.0,2855.6,55.4,98.0,13474.4,47.8,87.6,13564.8,382.6,0.0,4520.0
malecns_all,0.152,PVLP069_both,0.2,9,1.0,80.2,156.4,9904.2,37.8,75.6,664.2,0.8,1.6,83.8,64.8,127.6,11569.0,32.2,64.4,14104.4,3.4,6.8,3255.2,0.0,0.0,2795.2,72.0,140.0,3625.6,80.8,157.2,5878.2,373.0,0.0,4333.2
malecns_all,0.152,PVLP069_R,0.2,10,1.0,69.8,132.4,3226.6,24.2,48.4,403.2,0.8,1.6,88.2,47.0,91.2,3092.4,26.799999999999997,52.8,3569.0,2.6,5.2,2928.4,0.0,0.0,2849.2,65.60000000000001,122.4,2758.2,67.2,126.0,2555.6,393.8,0.0,3441.4
malecns_all,0.152,PVLP069_both,0.2,6,1.0,42.2,82.4,12507.8,11.8,23.6,534.2,0.2,0.4,105.2,26.8,53.6,13595.4,21.2,42.4,14021.6,0.0,0.0,2818.8,0.0,0.0,2775.2,30.2,60.0,13529.4,30.8,61.6,13522.0,385.0,0.0,3906.0
malecns_all,0.152,intact,0.1,1,0.5,75.2,138.8,3404.4,10.4,20.8,315.0,0.0,0.0,85.2,43.0,82.8,7129.8,26.8,53.2,7331.6,4.2,8.4,5034.4,0.0,0.0,2843.0,71.8,131.2,2569.0,63.4,119.6,2636.8,383.0,0.0,3963.4
malecns_all,0.152,intact,0.1,5,0.5,52.2,101.2,11920.2,15.4,30.8,357.4,1.0,2.0,94.6,35.6,70.4,12002.8,17.8,35.6,13849.0,0.0,0.0,2912.2,0.0,0.0,2865.6,36.0,69.6,13360.0,42.0,83.6,11014.2,384.6,0.0,3303.6
malecns_all,0.152,intact,0.1,3,0.5,49.199999999999996,96.8,12212.0,14.4,28.8,389.2,0.8,1.6,94.6,32.6,64.8,13430.6,23.2,46.4,13936.2,9.6,19.2,8772.8,0.0,0.0,2894.6,38.4,74.8,13324.0,37.6,74.4,13290.6,383.20000000000005,0.0,3409.4
malecns_all,0.152,intact,0.1,2,0.5,53.8,102.8,12247.4,21.400000000000002,41.6,479.0,0.2,0.4,97.8,53.2,98.0,13063.6,24.2,47.6,14028.2,0.8,1.6,2974.0,0.0,0.0,2886.0,48.2,90.4,13341.6,53.599999999999994,99.6,9102.2,382.6,0.0,3308.6
malecns_all,0.152,intact,0.1,6,0.5,42.599999999999994,83.6,12308.8,11.4,22.8,377.8,0.4,0.8,89.4,28.0,55.2,13583.6,20.2,40.4,13964.2,4.2,8.4,5071.0,0.0,0.0,2879.4,31.200000000000003,61.2,13374.2,25.4,50.8,13398.0,384.2,0.0,3359.0
malecns_all,0.152,intact,0.1,8,0.5,73.6,138.0,7066.6,18.8,37.6,2212.8,0.0,0.0,81.0,45.6,86.8,5247.2,22.0,43.6,11080.2,0.8,1.6,5733.4,0.0,0.0,2891.6,49.4,91.6,9026.4,54.2,103.2,6782.6,381.4,0.0,3624.0
malecns_all,0.152,intact,0.1,9,0.5,57.4,113.6,12237.8,21.4,42.8,447.8,0.2,0.4,77.8,47.8,94.0,8757.6,23.4,46.8,11900.0,0.0,0.0,2945.0,0.0,0.0,2868.0,55.6,108.4,13137.8,67.0,129.2,4730.4,378.6,0.0,4044.8
malecns_all,0.152,intact,0.1,10,0.5,51.4,99.6,12236.0,17.6,35.2,365.8,0.8,1.6,80.4,32.2,63.2,5211.8,27.0,53.6,9608.4,0.2,0.4,2941.6,0.0,0.0,2860.4,58.0,109.6,4993.4,54.800000000000004,105.2,4810.2,387.4,0.0,3292.8
malecns_all,0.152,intact,0.1,7,0.5,54.8,108.0,11912.8,13.2,26.4,2534.8,0.4,0.8,93.6,35.4,69.6,11289.8,22.0,44.0,13713.8,8.2,16.4,9103.4,0.0,0.0,2881.6,54.6,104.8,12337.4,42.0,82.4,10989.8,384.0,0.0,3828.6
malecns_all,0.152,PVLP069_L,0.1,2,0.5,53.8,102.8,12247.4,21.400000000000002,41.6,479.0,0.2,0.4,97.8,57.8,106.0,10188.6,25.4,50.4,13906.2,1.6,3.2,4508.4,0.0,0.0,2814.2,57.2,104.4,11009.6,49.4,93.6,11190.4,382.0,0.0,3268.8
malecns_all,0.152,PVLP069_L,0.1,9,0.5,57.4,113.6,12237.8,21.4,42.8,447.8,0.2,0.4,77.8,43.6,86.0,7268.6,22.4,44.8,13781.2,0.2,0.4,2873.0,0.0,0.0,2797.0,52.6,103.2,11151.4,66.60000000000001,128.4,2602.0,378.4,0.0,3980.2
malecns_all,0.152,PVLP069_L,0.1,5,0.5,52.2,101.2,11920.2,15.4,30.8,357.4,1.0,2.0,94.6,31.6,63.2,12910.6,15.8,31.6,11722.6,0.4,0.8,4684.2,0.0,0.0,2823.0,38.4,74.8,13313.2,48.199999999999996,94.8,8801.2,384.6,0.0,3233.6
malecns_all,0.152,PVLP069_L,0.1,1,0.5,75.2,138.8,3404.4,10.4,20.8,315.0,0.0,0.0,85.2,45.599999999999994,87.6,5185.4,21.799999999999997,42.8,5646.2,1.2,2.4,2834.2,0.0,0.0,2769.2,63.8,117.6,6807.0,63.800000000000004,118.4,4088.8,382.4,0.0,3473.2
malecns_all,0.152,PVLP069_L,0.1,10,0.5,51.4,99.6,12236.0,17.6,35.2,365.8,0.8,1.6,80.4,43.199999999999996,83.6,6989.8,14.8,29.6,9168.6,0.0,0.0,2861.6,0.0,0.0,2797.8,66.6,123.6,2456.4,52.4,101.2,4784.0,388.0,0.0,3218.0
malecns_all,0.152,PVLP069_L,0.1,8,0.5,73.6,138.0,7066.6,18.8,37.6,2212.8,0.0,0.0,81.0,37.0,71.6,9201.0,20.4,40.8,5522.0,0.2,0.4,4362.4,0.0,0.0,2821.4,50.2,93.2,8992.4,57.2,108.4,4749.4,381.2,0.0,3244.8
malecns_all,0.152,PVLP069_L,0.1,6,0.5,42.599999999999994,83.6,12308.8,11.4,22.8,377.8,0.4,0.8,89.4,27.4,54.8,13537.2,20.2,40.4,13888.6,2.4,4.8,4973.0,0.0,0.0,2818.0,31.8,62.0,13335.4,28.0,56.0,13369.0,383.0,0.0,3351.0
malecns_all,0.152,PVLP069_L,0.1,7,0.5,54.8,108.0,11912.8,13.2,26.4,2534.8,0.4,0.8,93.6,41.400000000000006,80.4,10608.0,21.6,43.2,13354.2,3.8,7.6,6885.8,0.0,0.0,2827.8,45.4,87.2,13027.8,42.599999999999994,83.6,10961.8,384.0,0.0,3265.4
malecns_all,0.152,PVLP069_R,0.1,2,0.5,53.8,102.8,12247.4,21.400000000000002,41.6,479.0,0.2,0.4,97.8,49.6,92.4,11345.8,26.0,51.6,13944.4,1.0,2.0,2866.0,0.0,0.0,2793.6,50.0,93.2,11316.6,52.199999999999996,97.6,13204.2,381.6,0.0,3510.4
malecns_all,0.152,PVLP069_R,0.1,1,0.5,75.2,138.8,3404.4,10.4,20.8,315.0,0.0,0.0,85.2,55.800000000000004,105.2,4874.0,25.4,50.0,5600.8,9.6,18.8,4980.4,0.0,0.0,2744.4,64.6,119.2,6852.4,68.2,126.4,4839.4,382.6,0.0,3673.8
malecns_all,0.152,PVLP069_R,0.1,4,0.5,43.4,84.0,12072.0,13.8,27.6,392.4,0.0,0.0,85.4,30.0,60.0,13304.8,18.6,37.2,11749.2,4.2,8.4,4876.8,0.0,0.0,2742.4,46.8,88.0,10343.6,37.6,72.8,12966.6,379.6,0.0,3228.8
malecns_all,0.152,PVLP069_R,0.1,3,0.5,49.199999999999996,96.8,12212.0,14.4,28.8,389.2,0.8,1.6,94.6,38.8,76.8,13537.4,27.0,53.6,13855.8,11.2,22.4,8746.8,0.0,0.0,2836.6,38.400000000000006,74.4,13287.8,41.4,80.0,13239.8,382.4,0.0,3362.8
malecns_all,0.152,PVLP069_R,0.1,6,0.5,42.599999999999994,83.6,12308.8,11.4,22.8,377.8,0.4,0.8,89.4,29.2,58.0,13133.0,20.8,41.6,11841.4,0.2,0.4,2826.0,0.0,0.0,2795.2,31.599999999999998,62.8,13359.4,34.4,68.0,13353.6,382.6,0.0,3353.8
malecns_all,0.152,PVLP069_L,0.1,4,0.5,43.4,84.0,12072.0,13.8,27.6,392.4,0.0,0.0,85.4,28.6,57.2,13329.4,20.0,40.0,12909.6,3.6,7.2,4941.2,0.0,0.0,2808.2,45.4,85.6,10229.6,30.599999999999998,60.4,12988.4,380.0,0.0,3231.2
malecns_all,0.152,PVLP069_R,0.1,8,0.5,73.6,138.0,7066.6,18.8,37.6,2212.8,0.0,0.0,81.0,48.6,92.0,5123.4,24.599999999999998,48.8,6428.4,2.2,4.4,6284.4,0.0,0.0,2798.6,54.0,100.4,9054.6,60.800000000000004,113.2,6717.6,380.4,0.0,3337.8
malecns_all,0.152,PVLP069_R,0.1,5,0.5,52.2,101.2,11920.2,15.4,30.8,357.4,1.0,2.0,94.6,33.8,67.6,13223.0,18.2,36.4,13843.8,0.2,0.4,2818.8,0.0,0.0,2790.8,34.800000000000004,68.4,13338.8,42.4,82.8,13238.0,383.4,0.0,3257.8
malecns_all,0.152,PVLP069_R,0.1,10,0.5,51.4,99.6,12236.0,17.6,35.2,365.8,0.8,1.6,80.4,44.8,86.8,5021.4,23.2,46.0,5638.8,0.0,0.0,2853.4,0.0,0.0,2762.4,59.0,109.2,4940.6,68.8,128.0,4568.8,386.4,0.0,3199.4
malecns_all,0.152,intact,0.1,4,0.5,43.4,84.0,12072.0,13.8,27.6,392.4,0.0,0.0,85.4,32.6,64.0,12638.4,18.4,36.8,13775.0,4.0,8.0,5018.2,0.0,0.0,2877.2,44.0,83.2,10876.8,35.0,68.0,11015.0,380.20000000000005,0.0,3275.2
malecns_all,0.152,PVLP069_both,0.1,1,0.5,75.2,138.8,3404.4,10.4,20.8,315.0,0.0,0.0,85.2,57.400000000000006,108.4,4860.0,19.4,38.4,7638.8,4.0,8.0,4844.4,0.0,0.0,2703.2,68.8,126.0,2688.0,66.0,121.6,4606.4,381.20000000000005,0.0,3788.6
malecns_all,0.152,PVLP069_R,0.1,9,0.5,57.4,113.6,12237.8,21.4,42.8,447.8,0.2,0.4,77.8,61.199999999999996,116.8,6930.8,25.4,50.8,13806.6,1.6,3.2,2832.4,0.0,0.0,2781.4,53.800000000000004,104.4,11321.4,77.4,146.0,4637.0,377.6,0.0,4052.8
malecns_all,0.152,PVLP069_both,0.1,2,0.5,53.8,102.8,12247.4,21.400000000000002,41.6,479.0,0.2,0.4,97.8,52.0,96.4,9284.0,27.4,54.4,13985.2,1.0,2.0,2876.2,0.0,0.0,2797.8,57.2,104.0,10965.0,53.2,99.2,13133.8,381.0,0.0,3259.6
malecns_all,0.152,PVLP069_L,0.1,3,0.5,49.199999999999996,96.8,12212.0,14.4,28.8,389.2,0.8,1.6,94.6,33.400000000000006,66.4,13568.8,24.4,48.8,13842.4,8.6,17.2,9072.4,0.0,0.0,2884.6,37.400000000000006,72.4,13306.6,40.4,80.0,13245.0,382.4,0.0,3359.4
malecns_all,0.152,PVLP069_both,0.1,3,0.5,49.199999999999996,96.8,12212.0,14.4,28.8,389.2,0.8,1.6,94.6,34.8,68.8,13413.4,30.0,60.0,13462.4,8.4,16.8,8725.4,0.0,0.0,2861.6,38.2,74.4,13238.2,45.800000000000004,89.2,13147.2,381.4,0.0,3378.0
malecns_all,0.152,PVLP069_both,0.1,4,0.5,43.4,84.0,12072.0,13.8,27.6,392.4,0.0,0.0,85.4,34.199999999999996,67.6,13365.0,19.0,38.0,13734.4,4.6,9.2,4858.2,0.0,0.0,2749.4,53.400000000000006,98.4,8127.2,37.199999999999996,71.6,13025.0,378.4,0.0,3186.8
malecns_all,0.152,PVLP069_both,0.1,5,0.5,52.2,101.2,11920.2,15.4,30.8,357.4,1.0,2.0,94.6,34.0,67.6,11214.0,18.0,36.0,13783.0,0.2,0.4,2802.6,0.0,0.0,2795.2,35.6,69.2,13329.2,41.2,81.2,12811.4,382.6,0.0,3220.6
malecns_all,0.152,PVLP069_R,0.1,7,0.5,54.8,108.0,11912.8,13.2,26.4,2534.8,0.4,0.8,93.6,50.0,96.8,10697.0,23.4,46.8,13675.8,11.8,23.6,8962.8,0.0,0.0,2786.2,53.6,102.8,10571.4,46.400000000000006,90.4,12947.0,382.6,0.0,3298.0
malecns_all,0.152,PVLP069_both,0.1,8,0.5,73.6,138.0,7066.6,18.8,37.6,2212.8,0.0,0.0,81.0,44.0,84.4,7139.8,26.4,52.8,5385.2,2.8,5.6,4774.2,0.0,0.0,2797.6,57.2,105.2,6847.0,60.4,112.8,8788.6,379.8,0.0,3242.6
malecns_all,0.152,PVLP069_both,0.1,6,0.5,42.599999999999994,83.6,12308.8,11.4,22.8,377.8,0.4,0.8,89.4,28.6,57.2,13478.0,21.6,43.2,13909.2,2.4,4.8,4914.8,0.0,0.0,2776.0,35.599999999999994,69.6,13358.4,31.400000000000002,61.6,13376.0,381.79999999999995,0.0,3414.0
malecns_all,0.152,PVLP069_both,0.1,10,0.5,51.4,99.6,12236.0,17.6,35.2,365.8,0.8,1.6,80.4,41.0,78.4,5087.4,26.0,51.6,3455.8,0.0,0.0,2822.4,0.0,0.0,2754.4,57.199999999999996,107.6,4795.4,68.0,128.0,2482.4,386.0,0.0,3213.8
malecns_all,0.152,PVLP069_both,0.1,9,0.5,57.4,113.6,12237.8,21.4,42.8,447.8,0.2,0.4,77.8,62.0,118.8,7077.8,23.4,46.8,13744.4,0.6,1.2,2840.0,0.0,0.0,2778.6,50.0,97.6,13331.2,78.8,148.4,4351.0,376.6,0.0,3982.4
malecns_all,0.152,intact,0.1,4,1.0,39.6,77.2,12279.4,11.2,22.4,379.6,0.0,0.0,77.0,30.400000000000002,59.6,13537.0,18.6,37.2,13846.0,4.2,8.4,5050.6,0.0,0.0,2920.2,35.2,67.2,13216.0,32.0,61.6,11046.8,376.8,0.0,3323.0
malecns_all,0.152,intact,0.1,2,1.0,53.199999999999996,99.6,12582.4,66.0,117.2,4982.0,2.2,4.4,118.6,44.400000000000006,82.4,14008.0,33.0,63.2,14350.2,40.800000000000004,72.4,4930.2,0.0,0.0,2898.2,52.0,93.6,13433.8,52.2,94.4,13604.4,381.0,0.0,4491.4
malecns_all,0.152,intact,0.1,6,1.0,41.2,80.4,12466.0,8.8,17.6,416.2,0.0,0.0,119.6,22.2,44.4,13609.6,20.4,40.8,14072.4,4.0,8.0,5126.8,0.0,0.0,2925.6,29.8,59.2,13404.8,26.2,52.4,13467.6,383.4,0.0,3563.2
malecns_all,0.152,intact,0.1,7,1.0,63.6,124.8,12348.4,28.200000000000003,55.2,2842.8,0.4,0.8,103.8,41.6,82.0,13437.0,24.0,48.0,14212.4,8.6,17.2,11305.6,0.0,0.0,2897.8,43.8,85.6,13615.6,53.2,105.2,11070.4,383.6,0.0,4609.0
malecns_all,0.152,intact,0.1,3,1.0,47.6,92.8,12476.0,41.4,80.0,10083.2,1.8,3.6,175.2,35.2,70.4,13643.4,26.6,53.2,14028.6,19.2,38.4,12964.6,0.0,0.0,3010.4,38.8,76.0,13502.4,42.0,82.8,13393.4,382.6,0.0,3574.0
malecns_all,0.152,intact,0.1,8,1.0,57.2,106.0,9195.2,30.0,58.8,9898.0,0.8,1.6,97.4,47.0,85.6,5326.6,24.4,48.0,4750.6,17.8,35.6,13507.4,0.0,0.0,2943.2,65.4,116.4,4889.8,65.39999999999999,117.6,6829.6,379.20000000000005,0.0,4356.2
malecns_all,0.152,intact,0.1,10,1.0,74.0,140.0,3257.4,18.4,36.8,474.0,0.2,0.4,85.4,48.6,94.8,3169.0,21.6,43.2,3633.0,1.0,2.0,3002.4,0.0,0.0,2926.8,61.0,114.0,2992.6,59.2,114.4,2740.6,391.79999999999995,0.0,3310.4
malecns_all,0.152,PVLP069_L,0.1,1,1.0,83.19999999999999,149.2,875.0,9.6,19.2,339.0,0.0,0.0,85.4,64.60000000000001,118.4,5179.0,31.6,61.2,11997.6,1.0,2.0,3969.4,0.0,0.0,3988.2,78.0,137.2,2473.4,77.0,137.6,2673.8,381.6,0.0,4394.0
malecns_all,0.152,PVLP069_L,0.1,2,1.0,53.199999999999996,99.6,12582.4,66.0,117.2,4982.0,2.2,4.4,118.6,46.0,84.8,13724.4,32.8,62.8,14316.0,48.400000000000006,86.4,4850.0,0.0,0.0,2837.2,43.199999999999996,78.8,13689.8,51.4,93.6,13506.0,380.4,0.0,4516.0
malecns_all,0.152,PVLP069_both,0.1,7,0.5,54.8,108.0,11912.8,13.2,26.4,2534.8,0.4,0.8,93.6,48.800000000000004,95.2,10844.6,23.4,46.8,13028.2,10.2,20.4,8889.8,0.0,0.0,2767.8,50.4,97.2,12821.4,50.4,98.8,12984.4,382.2,0.0,3471.8
malecns_all,0.152,PVLP069_L,0.1,4,1.0,39.6,77.2,12279.4,11.2,22.4,379.6,0.0,0.0,77.0,27.0,54.0,13431.4,18.6,37.2,13816.0,3.2,6.4,4981.0,0.0,0.0,2843.4,36.0,69.2,13098.8,33.4,65.2,11044.6,376.8,0.0,3270.0
malecns_all,0.152,PVLP069_L,0.1,5,1.0,51.8,101.6,12268.2,20.0,40.0,394.4,1.4,2.8,98.0,23.8,47.6,13519.2,14.2,28.4,13870.2,1.6,3.2,6692.8,0.0,0.0,2851.2,34.599999999999994,67.6,13427.8,40.6,80.4,12667.8,384.8,0.0,3264.0
malecns_all,0.152,PVLP069_L,0.1,6,1.0,41.2,80.4,12466.0,8.8,17.6,416.2,0.0,0.0,119.6,22.8,45.6,13579.2,21.0,42.0,14053.8,4.2,8.4,5047.4,0.0,0.0,2828.8,28.799999999999997,56.8,13457.0,27.8,55.6,13425.6,383.0,0.0,3423.4
malecns_all,0.152,PVLP069_L,0.1,3,1.0,47.6,92.8,12476.0,41.4,80.0,10083.2,1.8,3.6,175.2,37.0,74.0,13649.4,26.4,52.8,14005.2,21.8,43.6,13522.0,0.0,0.0,2954.6,37.599999999999994,73.6,13452.2,37.800000000000004,75.2,13388.8,382.20000000000005,0.0,3688.0
malecns_all,0.152,intact,0.1,9,1.0,69.60000000000001,138.8,12487.6,39.0,78.0,722.6,0.8,1.6,72.2,56.8,112.0,8959.8,26.0,52.0,14121.0,4.2,8.4,2964.6,0.0,0.0,2849.4,68.2,134.0,6343.2,81.2,156.4,6236.0,373.4,0.0,4345.4
malecns_all,0.152,PVLP069_L,0.1,10,1.0,74.0,140.0,3257.4,18.4,36.8,474.0,0.2,0.4,85.4,35.2,68.4,3121.2,25.799999999999997,50.8,3579.6,2.0,4.0,2940.2,0.0,0.0,2843.6,66.6,123.2,2789.6,61.2,116.0,2681.2,391.2,0.0,3236.4
malecns_all,0.152,PVLP069_R,0.1,1,1.0,83.19999999999999,149.2,875.0,9.6,19.2,339.0,0.0,0.0,85.4,71.8,129.2,4955.4,28.6,55.6,10340.2,5.6000000000000005,10.8,3977.2,0.0,0.0,3878.0,72.6,129.2,2793.8,81.0,144.4,2513.6,381.4,0.0,4400.4
malecns_all,0.152,PVLP069_L,0.1,7,1.0,63.6,124.8,12348.4,28.200000000000003,55.2,2842.8,0.4,0.8,103.8,47.4,93.2,11469.2,27.8,55.6,14065.8,5.2,10.4,9690.4,0.0,0.0,2831.0,46.6,90.4,13622.4,57.2,111.2,11090.8,383.0,0.0,4244.6
malecns_all,0.152,intact,0.1,1,1.0,83.19999999999999,149.2,875.0,9.6,19.2,339.0,0.0,0.0,85.4,68.6,123.6,3150.4,29.6,57.6,13006.8,8.8,16.8,3852.8,0.0,0.0,3967.4,77.19999999999999,137.2,4573.6,71.39999999999999,129.6,2694.8,382.79999999999995,0.0,4393.4
malecns_all,0.152,PVLP069_L,0.1,9,1.0,69.60000000000001,138.8,12487.6,39.0,78.0,722.6,0.8,1.6,72.2,63.800000000000004,125.2,11430.8,29.6,59.2,14084.4,2.8,5.6,2897.8,0.0,0.0,2847.8,74.2,145.6,7343.8,80.4,154.4,4535.4,372.79999999999995,0.0,4311.2
malecns_all,0.152,PVLP069_L,0.1,8,1.0,57.2,106.0,9195.2,30.0,58.8,9898.0,0.8,1.6,97.4,40.0,74.8,7320.8,20.799999999999997,40.8,6318.8,17.8,35.6,13462.8,0.0,0.0,2862.2,69.4,122.8,4827.2,63.4,114.0,4834.8,378.4,0.0,4062.6
malecns_all,0.152,PVLP069_R,0.1,2,1.0,53.199999999999996,99.6,12582.4,66.0,117.2,4982.0,2.2,4.4,118.6,52.6,94.4,13809.2,34.599999999999994,65.6,14324.0,46.0,81.6,5375.2,0.0,0.0,2845.8,48.2,87.2,12673.4,47.0,85.6,13655.0,380.2,0.0,4533.4
malecns_all,0.152,intact,0.1,5,1.0,51.8,101.6,12268.2,20.0,40.0,394.4,1.4,2.8,98.0,21.6,43.2,11450.2,15.6,31.2,13930.6,0.6,1.2,2941.2,0.0,0.0,2893.6,32.2,63.6,13414.6,35.0,70.0,13264.6,385.6,0.0,3336.8
malecns_all,0.152,PVLP069_R,0.1,4,1.0,39.6,77.2,12279.4,11.2,22.4,379.6,0.0,0.0,77.0,29.0,57.2,13458.6,19.8,39.6,13830.4,4.0,8.0,4941.4,0.0,0.0,2800.8,37.199999999999996,70.8,12631.4,32.4,63.2,13172.2,376.0,0.0,3295.4
malecns_all,0.152,PVLP069_R,0.1,6,1.0,41.2,80.4,12466.0,8.8,17.6,416.2,0.0,0.0,119.6,24.0,48.0,13570.0,20.4,40.8,14003.2,1.2,2.4,2880.4,0.0,0.0,2804.6,27.4,54.8,13431.6,28.8,57.2,13470.2,382.2,0.0,3742.8
malecns_all,0.152,PVLP069_R,0.1,10,1.0,74.0,140.0,3257.4,18.4,36.8,474.0,0.2,0.4,85.4,55.4,105.6,3072.8,22.0,43.6,4851.2,5.8,11.6,2963.8,0.0,0.0,2839.6,64.8,120.8,2956.2,70.6,131.6,2534.4,390.8,0.0,3274.4
malecns_all,0.152,PVLP069_R,0.1,7,1.0,63.6,124.8,12348.4,28.200000000000003,55.2,2842.8,0.4,0.8,103.8,47.0,91.6,13368.0,27.4,54.8,14121.6,6.6,13.2,9203.0,0.0,0.0,2825.6,48.4,94.8,13542.2,58.0,113.2,13067.0,382.20000000000005,0.0,4549.4
malecns_all,0.152,PVLP069_both,0.1,1,1.0,83.19999999999999,149.2,875.0,9.6,19.2,339.0,0.0,0.0,85.4,72.2,130.4,2981.4,27.6,53.2,11487.6,3.4,6.8,7579.4,0.0,0.0,3915.4,77.0,136.8,2889.2,77.2,138.4,2484.6,380.4,0.0,4353.4
malecns_all,0.152,PVLP069_R,0.1,9,1.0,69.60000000000001,138.8,12487.6,39.0,78.0,722.6,0.8,1.6,72.2,73.4,142.0,9377.0,29.8,59.6,14056.8,4.4,8.8,3097.2,0.0,0.0,2827.2,66.2,130.8,5517.2,83.8,161.2,8235.6,372.2,0.0,4354.8
malecns_all,0.152,PVLP069_R,0.1,5,1.0,51.8,101.6,12268.2,20.0,40.0,394.4,1.4,2.8,98.0,24.6,49.2,13412.6,17.6,35.2,13919.2,1.0,2.0,2914.4,0.0,0.0,2838.8,33.2,65.2,13443.0,41.4,82.0,13310.6,384.2,0.0,3292.8
malecns_all,0.152,PVLP069_both,0.1,10,1.0,74.0,140.0,3257.4,18.4,36.8,474.0,0.2,0.4,85.4,49.2,94.4,5152.0,25.599999999999998,50.4,3527.2,0.4,0.8,2883.2,0.0,0.0,2842.8,65.4,122.0,3064.0,74.8,139.2,2512.2,389.8,0.0,3238.0
malecns_all,0.152,PVLP069_both,0.1,9,1.0,69.60000000000001,138.8,12487.6,39.0,78.0,722.6,0.8,1.6,72.2,71.2,139.6,11362.6,33.2,66.4,14083.8,1.4,2.8,2956.6,0.0,0.0,2798.2,66.39999999999999,131.6,5397.0,79.4,154.0,10729.4,370.79999999999995,0.0,4322.8
malecns_all,0.275,intact,0.2,3,0.5,165.60000000000002,264.8,20055.8,121.6,200.0,20305.0,103.0,167.6,18195.0,150.2,240.0,21188.2,92.60000000000001,162.4,21776.0,76.0,136.8,21291.8,70.60000000000001,110.4,18922.4,158.4,252.8,20871.4,157.4,252.4,20974.6,393.6,0.0,21966.0
malecns_all,0.275,intact,0.2,2,0.5,167.39999999999998,260.4,20237.4,120.8,194.0,20472.2,101.6,162.0,20047.8,142.20000000000002,224.8,21552.4,109.39999999999999,181.2,21820.8,78.60000000000001,136.8,21470.2,94.2,142.8,16098.4,152.6,238.0,21157.0,160.4,250.4,21042.6,394.8,0.0,22004.2
malecns_all,0.152,PVLP069_both,0.1,6,1.0,41.2,80.4,12466.0,8.8,17.6,416.2,0.0,0.0,119.6,29.0,58.0,13557.0,21.8,43.6,13975.8,2.8,5.6,4969.4,0.0,0.0,2802.8,30.4,60.4,13477.8,30.0,59.6,13541.0,382.0,0.0,3910.0
malecns_all,0.152,PVLP069_R,0.1,8,1.0,57.2,106.0,9195.2,30.0,58.8,9898.0,0.8,1.6,97.4,49.8,90.8,5220.0,26.2,50.8,5772.4,16.2,32.4,13393.0,0.0,0.0,4624.2,63.0,112.4,6953.4,72.80000000000001,130.8,4834.2,377.6,0.0,4432.8
malecns_all,0.275,intact,0.2,1,0.5,163.6,257.2,20485.4,108.2,178.0,20571.4,115.8,185.2,16281.8,140.6,224.0,19154.6,98.8,167.6,21917.8,69.8,124.0,21303.4,15.4,30.8,19209.8,152.8,240.8,21125.4,156.8,247.2,20971.4,392.4,0.0,22271.2
malecns_all,0.152,PVLP069_both,0.1,8,1.0,57.2,106.0,9195.2,30.0,58.8,9898.0,0.8,1.6,97.4,52.6,95.2,5188.6,21.8,42.4,5718.0,18.6,37.2,13430.6,0.0,0.0,2858.2,67.6,119.6,4816.6,70.2,124.4,4633.2,376.6,0.0,4395.6
malecns_all,0.152,PVLP069_both,0.1,4,1.0,39.6,77.2,12279.4,11.2,22.4,379.6,0.0,0.0,77.0,28.599999999999998,56.8,13429.2,20.6,41.2,13864.8,3.8,7.6,4926.2,0.0,0.0,2755.4,36.2,70.0,13176.8,34.0,66.0,13140.8,374.20000000000005,0.0,3262.2
malecns_all,0.152,PVLP069_both,0.1,2,1.0,53.199999999999996,99.6,12582.4,66.0,117.2,4982.0,2.2,4.4,118.6,50.4,91.6,13682.4,34.8,66.8,14291.4,41.0,73.6,5077.2,0.0,0.0,2844.6,53.4,96.0,11464.6,48.2,88.0,13626.8,379.2,0.0,4521.8
malecns_all,0.152,PVLP069_both,0.1,5,1.0,51.8,101.6,12268.2,20.0,40.0,394.4,1.4,2.8,98.0,23.6,47.2,13438.8,16.0,32.0,13873.2,1.8,3.6,5008.4,0.0,0.0,2867.8,34.800000000000004,68.4,13442.2,42.599999999999994,83.6,13042.4,383.79999999999995,0.0,3274.6
malecns_all,0.275,PVLP069_R,0.2,3,0.5,165.60000000000002,264.8,20055.8,121.6,200.0,20305.0,103.0,167.6,18195.0,155.20000000000002,248.8,21121.0,101.8,176.4,21495.6,73.4,132.0,21136.4,42.6,68.0,15282.6,161.4,256.0,20902.2,162.0,258.0,21111.0,394.0,0.0,21860.4
malecns_all,0.275,PVLP069_L,0.2,5,0.5,153.2,248.4,20447.4,56.800000000000004,98.4,20571.0,61.2,102.8,20549.8,98.4,172.8,20892.0,63.0,116.4,21635.0,52.6,98.8,20808.0,12.8,25.6,18476.2,121.0,204.4,20989.8,145.8,236.8,16988.4,393.8,0.0,21903.4
malecns_all,0.275,PVLP069_L,0.2,3,0.5,165.60000000000002,264.8,20055.8,121.6,200.0,20305.0,103.0,167.6,18195.0,153.8,246.4,21033.0,102.2,176.8,21535.4,83.2,144.8,21073.2,24.599999999999998,40.8,16515.2,156.2,248.0,20934.2,162.2,259.2,20996.0,393.8,0.0,21937.4
malecns_all,0.275,PVLP069_L,0.2,4,0.5,157.6,248.4,20281.2,87.8,149.6,20353.8,59.8,97.2,20639.0,111.6,189.6,20785.4,70.8,128.0,21533.0,63.199999999999996,115.6,20856.0,0.0,0.0,14097.6,128.0,207.6,20738.2,141.4,228.0,20794.6,393.4,0.0,19846.6
malecns_all,0.275,PVLP069_L,0.2,2,0.5,167.39999999999998,260.4,20237.4,120.8,194.0,20472.2,101.6,162.0,20047.8,153.0,237.6,21465.4,91.2,156.8,21673.4,76.0,131.6,21114.2,66.2,104.0,17261.2,158.0,246.8,21053.4,162.8,253.2,21069.4,392.6,0.0,21888.6
malecns_all,0.275,PVLP069_R,0.2,2,0.5,167.39999999999998,260.4,20237.4,120.8,194.0,20472.2,101.6,162.0,20047.8,154.4,240.0,21454.0,106.80000000000001,176.8,21677.2,79.8,139.2,21287.0,20.2,37.6,21332.6,164.8,255.6,21268.2,163.2,255.2,21138.8,392.2,0.0,21953.6
malecns_all,0.275,PVLP069_R,0.2,4,0.5,157.6,248.4,20281.2,87.8,149.6,20353.8,59.8,97.2,20639.0,117.8,195.2,20954.2,80.60000000000001,142.4,21624.8,61.199999999999996,113.6,20964.2,17.6,35.2,18711.0,132.0,213.6,21012.0,145.0,234.4,20765.8,390.0,0.0,21811.2
malecns_all,0.275,PVLP069_R,0.2,1,0.5,163.6,257.2,20485.4,108.2,178.0,20571.4,115.8,185.2,16281.8,147.4,232.4,21044.8,110.6,184.0,21615.4,82.6,142.0,21086.4,28.0,49.2,19259.2,153.4,241.6,21051.2,164.6,258.0,20960.6,392.6,0.0,22098.8
malecns_all,0.152,PVLP069_both,0.1,3,1.0,47.6,92.8,12476.0,41.4,80.0,10083.2,1.8,3.6,175.2,37.0,73.2,13602.6,25.6,51.2,13967.0,19.6,39.2,13239.4,0.0,0.0,2963.8,35.199999999999996,68.8,13432.2,38.8,76.0,13445.4,380.0,0.0,3676.6
malecns_all,0.152,PVLP069_both,0.1,7,1.0,63.6,124.8,12348.4,28.200000000000003,55.2,2842.8,0.4,0.8,103.8,49.800000000000004,97.2,12946.0,27.2,54.4,14050.0,8.4,16.8,9168.8,0.0,0.0,2821.8,48.400000000000006,94.4,13540.2,58.6,113.2,11227.8,381.6,0.0,4376.8
malecns_all,0.152,PVLP069_R,0.1,3,1.0,47.6,92.8,12476.0,41.4,80.0,10083.2,1.8,3.6,175.2,39.0,78.0,13620.2,26.8,53.6,14015.2,21.599999999999998,42.8,11469.4,0.0,0.0,2954.4,31.8,63.2,13448.6,40.800000000000004,80.4,13407.8,380.79999999999995,0.0,3752.8
malecns_all,0.275,intact,0.2,4,0.5,157.6,248.4,20281.2,87.8,149.6,20353.8,59.8,97.2,20639.0,114.0,192.4,21123.2,70.2,126.0,21715.8,75.4,130.4,21203.2,3.6,7.2,12175.6,126.0,205.2,20864.6,137.2,221.6,20786.6,393.0,0.0,22076.0
malecns_all,0.275,PVLP069_L,0.2,1,0.5,163.6,257.2,20485.4,108.2,178.0,20571.4,115.8,185.2,16281.8,141.4,225.2,20954.2,100.19999999999999,169.2,21691.6,68.2,122.0,21102.4,29.6,55.6,21232.4,152.6,242.0,20898.6,159.39999999999998,249.2,18970.0,391.8,0.0,22114.2
malecns_ge5,0.152,intact,0.2,1,0.5,63.0,126.0,8016.0,10.8,21.6,267.6,0.2,0.4,71.8,37.6,75.2,9373.4,24.0,48.0,9652.2,0.0,0.0,2472.2,0.0,0.0,2422.4,52.0,103.6,9048.4,50.2,100.4,9200.6,388.8,0.0,2726.0
malecns_ge5,0.152,intact,0.2,2,0.5,66.0,132.0,8352.8,15.6,31.2,324.8,1.0,2.0,73.8,36.8,73.6,9408.6,27.0,54.0,9665.0,0.0,0.0,2508.2,0.0,0.0,2479.0,51.0,101.6,9137.8,57.8,114.0,8996.6,388.6,0.0,2800.4
malecns_all,0.275,intact,0.2,5,0.5,153.2,248.4,20447.4,56.800000000000004,98.4,20571.0,61.2,102.8,20549.8,105.4,184.4,21186.4,62.8,116.8,21773.6,68.8,120.4,21061.0,10.8,21.6,19243.6,112.0,190.4,20915.8,138.6,227.6,16990.4,394.6,0.0,22072.4
malecns_ge5,0.152,intact,0.2,3,0.5,70.8,141.6,7676.0,16.8,33.6,304.4,0.4,0.8,81.0,41.4,82.8,9312.6,28.8,57.6,9636.8,0.0,0.0,2519.0,0.0,0.0,2519.4,52.4,104.8,8830.2,52.8,105.6,8712.4,389.4,0.0,2803.2
malecns_ge5,0.152,intact,0.2,4,0.5,58.0,116.0,7853.2,10.6,21.2,212.0,0.2,0.4,77.2,33.4,66.8,9296.0,24.6,49.2,9637.4,0.0,0.0,2487.8,0.0,0.0,2482.0,38.2,76.4,8880.6,40.0,80.0,9085.0,386.4,0.0,2819.6
malecns_ge5,0.152,intact,0.2,5,0.5,62.0,124.0,7662.2,9.4,18.8,210.6,0.4,0.8,77.8,33.4,66.8,9278.4,22.8,45.6,9485.6,0.0,0.0,2504.8,0.0,0.0,2477.6,45.2,90.4,8814.0,42.8,85.6,8939.6,390.4,0.0,2799.4
malecns_ge5,0.152,intact,0.2,6,0.5,55.2,110.4,7756.6,14.6,29.2,346.8,0.6,1.2,82.8,38.0,76.0,9425.0,28.2,56.4,9719.4,0.0,0.0,2510.0,0.0,0.0,2493.2,46.2,92.4,8552.8,41.2,82.4,8975.6,390.0,0.0,2798.2
malecns_ge5,0.152,intact,0.2,7,0.5,65.4,130.8,8069.8,10.0,20.0,200.0,0.4,0.8,74.4,40.8,81.6,9284.4,31.2,62.4,9630.8,0.0,0.0,2508.8,0.0,0.0,2453.2,52.0,104.0,8862.8,51.6,103.2,9080.8,389.6,0.0,2805.4
malecns_ge5,0.152,intact,0.2,9,0.5,70.8,141.6,7671.6,18.0,36.0,228.2,1.4,2.8,74.2,39.0,78.0,9242.4,27.8,55.6,9527.8,0.0,0.0,2456.8,0.0,0.0,2431.4,57.0,113.6,8961.6,56.0,112.0,8990.0,384.4,0.0,2706.0
malecns_ge5,0.152,intact,0.2,8,0.5,61.4,122.8,7669.2,17.4,34.8,241.8,1.0,2.0,79.2,36.6,73.2,9296.0,20.6,41.2,9485.2,0.0,0.0,2464.2,0.0,0.0,2444.0,49.4,98.0,8938.6,50.199999999999996,99.6,8837.6,386.79999999999995,0.0,2733.8
malecns_ge5,0.152,intact,0.2,10,0.5,63.0,126.0,7403.4,21.8,43.6,332.0,2.4,4.8,77.6,31.4,62.8,9268.8,21.6,43.2,9679.0,0.0,0.0,2514.4,0.0,0.0,2487.6,52.800000000000004,105.2,8627.0,47.2,94.4,7564.4,393.6,0.0,2798.2
malecns_ge5,0.152,PVLP069_L,0.2,1,0.5,63.0,126.0,8016.0,10.8,21.6,267.6,0.2,0.4,71.8,49.8,99.6,9361.2,23.8,47.6,9599.6,0.0,0.0,2366.8,0.0,0.0,2323.4,53.400000000000006,106.4,8977.6,54.4,108.8,9142.6,388.8,0.0,2653.8
malecns_ge5,0.152,PVLP069_L,0.2,2,0.5,66.0,132.0,8352.8,15.6,31.2,324.8,1.0,2.0,73.8,42.800000000000004,85.2,9359.8,26.8,53.6,9655.2,0.0,0.0,2409.0,0.0,0.0,2388.4,54.4,106.8,9087.6,61.599999999999994,121.6,9030.8,388.4,0.0,2743.8
malecns_ge5,0.152,PVLP069_L,0.2,3,0.5,70.8,141.6,7676.0,16.8,33.6,304.4,0.4,0.8,81.0,44.4,88.8,9293.6,29.0,58.0,9573.0,0.0,0.0,2445.8,0.0,0.0,2429.8,54.8,109.6,8661.8,51.400000000000006,102.4,8966.0,388.79999999999995,0.0,2745.2
malecns_ge5,0.152,PVLP069_L,0.2,4,0.5,58.0,116.0,7853.2,10.6,21.2,212.0,0.2,0.4,77.2,34.4,68.8,9241.4,24.6,49.2,9562.0,0.0,0.0,2395.0,0.0,0.0,2377.4,35.4,70.8,8603.6,40.0,80.0,9083.6,385.6,0.0,2713.8
malecns_ge5,0.152,PVLP069_L,0.2,5,0.5,62.0,124.0,7662.2,9.4,18.8,210.6,0.4,0.8,77.8,37.0,74.0,9238.8,24.4,48.8,9473.0,0.0,0.0,2409.4,0.0,0.0,2397.4,47.8,95.6,8565.4,47.0,94.0,8960.0,390.4,0.0,2705.0
malecns_ge5,0.152,PVLP069_L,0.2,6,0.5,55.2,110.4,7756.6,14.6,29.2,346.8,0.6,1.2,82.8,41.6,83.2,9267.8,28.8,57.6,9604.6,0.0,0.0,2386.2,0.0,0.0,2382.8,46.4,92.8,8477.6,39.8,79.6,8789.6,389.0,0.0,2722.2
malecns_ge5,0.152,PVLP069_L,0.2,7,0.5,65.4,130.8,8069.8,10.0,20.0,200.0,0.4,0.8,74.4,40.4,80.8,9261.6,30.6,61.2,9517.8,0.0,0.0,2461.4,0.0,0.0,2375.6,51.2,102.4,8965.6,51.2,102.4,9005.8,388.8,0.0,2717.4
malecns_ge5,0.152,PVLP069_L,0.2,8,0.5,61.4,122.8,7669.2,17.4,34.8,241.8,1.0,2.0,79.2,35.8,71.6,9243.8,22.8,45.6,9482.8,0.0,0.0,2414.8,0.0,0.0,2414.2,43.800000000000004,87.2,8617.4,51.0,101.2,8897.8,386.6,0.0,2702.4
malecns_ge5,0.152,PVLP069_L,0.2,10,0.5,63.0,126.0,7403.4,21.8,43.6,332.0,2.4,4.8,77.6,39.8,79.6,9112.4,23.4,46.8,9541.4,0.0,0.0,2431.8,0.0,0.0,2394.4,46.8,93.6,6951.8,45.6,91.2,7533.8,392.6,0.0,2729.8
malecns_ge5,0.152,PVLP069_L,0.2,9,0.5,70.8,141.6,7671.6,18.0,36.0,228.2,1.4,2.8,74.2,41.6,83.2,9102.8,28.4,56.8,9368.4,0.0,0.0,2405.2,0.0,0.0,2397.0,57.6,115.2,8946.8,56.8,113.6,9011.0,383.79999999999995,0.0,2701.8
malecns_all,0.275,PVLP069_both,0.2,1,0.5,163.6,257.2,20485.4,108.2,178.0,20571.4,115.8,185.2,16281.8,145.2,230.0,18949.8,116.6,191.6,21439.4,113.2,180.0,18644.8,17.0,34.0,20833.2,154.4,244.0,21019.4,163.4,257.6,18870.2,392.0,0.0,21952.0
malecns_ge5,0.152,PVLP069_R,0.2,1,0.5,63.0,126.0,8016.0,10.8,21.6,267.6,0.2,0.4,71.8,52.6,104.8,9288.2,26.8,53.6,9617.6,0.0,0.0,2361.4,0.0,0.0,2367.8,52.199999999999996,103.6,9017.0,56.0,112.0,9005.2,388.2,0.0,2682.8
malecns_all,0.275,PVLP069_R,0.2,5,0.5,153.2,248.4,20447.4,56.800000000000004,98.4,20571.0,61.2,102.8,20549.8,107.8,186.0,20996.6,65.0,120.4,21431.4,47.199999999999996,92.8,20756.2,13.2,26.4,18757.6,121.0,203.2,20834.6,136.8,224.4,17026.2,394.0,0.0,21876.0
malecns_ge5,0.152,PVLP069_R,0.2,2,0.5,66.0,132.0,8352.8,15.6,31.2,324.8,1.0,2.0,73.8,50.199999999999996,99.6,9352.6,30.0,60.0,9626.2,0.0,0.0,2425.8,0.0,0.0,2391.2,54.0,107.2,9128.2,69.8,138.4,9105.0,388.0,0.0,2741.8
malecns_all,0.275,PVLP069_both,0.2,3,0.5,165.60000000000002,264.8,20055.8,121.6,200.0,20305.0,103.0,167.6,18195.0,150.4,240.8,20988.4,105.2,180.0,21303.8,70.0,126.8,20971.2,42.0,70.8,16941.2,152.4,243.6,20882.6,160.0,256.0,20975.6,394.0,0.0,21625.2
malecns_ge5,0.152,PVLP069_R,0.2,3,0.5,70.8,141.6,7676.0,16.8,33.6,304.4,0.4,0.8,81.0,48.8,97.6,9201.6,29.2,58.4,9578.2,0.0,0.0,2483.4,0.0,0.0,2467.6,55.0,110.0,8525.8,58.4,116.8,8627.0,388.6,0.0,2774.6
malecns_all,0.275,PVLP069_both,0.2,2,0.5,167.39999999999998,260.4,20237.4,120.8,194.0,20472.2,101.6,162.0,20047.8,152.8,238.8,21106.0,113.6,187.6,21382.8,74.39999999999999,131.6,20940.2,16.599999999999998,32.8,21015.0,157.4,244.8,21114.4,163.6,255.6,20977.6,392.4,0.0,21819.6
malecns_all,0.275,PVLP069_both,0.2,4,0.5,157.6,248.4,20281.2,87.8,149.6,20353.8,59.8,97.2,20639.0,124.4,204.4,20719.4,80.2,141.6,21345.6,70.0,122.0,20270.2,12.2,24.4,18595.2,134.2,215.6,20800.4,139.8,224.8,20814.4,390.0,0.0,21372.6
malecns_all,0.275,PVLP069_both,0.2,5,0.5,153.2,248.4,20447.4,56.800000000000004,98.4,20571.0,61.2,102.8,20549.8,102.2,179.6,20771.0,64.8,119.2,21266.6,40.2,80.4,20517.4,6.4,12.8,18650.4,121.2,202.8,21090.4,134.0,221.2,20848.2,394.8,0.0,21688.2
malecns_ge5,0.152,PVLP069_R,0.2,4,0.5,58.0,116.0,7853.2,10.6,21.2,212.0,0.2,0.4,77.2,36.2,72.4,9206.8,27.0,54.0,9574.4,0.0,0.0,2381.8,0.0,0.0,2366.8,37.8,75.6,8854.2,47.2,94.4,8982.2,386.0,0.0,2746.2
malecns_ge5,0.152,PVLP069_R,0.2,5,0.5,62.0,124.0,7662.2,9.4,18.8,210.6,0.4,0.8,77.8,39.0,78.0,9232.6,27.0,54.0,9564.4,0.0,0.0,2411.2,0.0,0.0,2414.8,41.6,83.2,8890.6,55.2,110.4,8887.4,389.8,0.0,2731.6
malecns_ge5,0.152,PVLP069_R,0.2,6,0.5,55.2,110.4,7756.6,14.6,29.2,346.8,0.6,1.2,82.8,43.8,87.6,9274.0,30.4,60.8,9665.4,0.0,0.0,2408.8,0.0,0.0,2390.6,47.2,94.4,8544.0,47.2,94.4,8824.8,388.4,0.0,2704.2
malecns_ge5,0.152,PVLP069_R,0.2,8,0.5,61.4,122.8,7669.2,17.4,34.8,241.8,1.0,2.0,79.2,36.8,73.6,9238.4,23.4,46.8,9499.8,0.0,0.0,2419.2,0.0,0.0,2398.0,46.400000000000006,92.4,8979.6,57.0,112.4,8708.2,386.8,0.0,2737.4
malecns_ge5,0.152,PVLP069_R,0.2,7,0.5,65.4,130.8,8069.8,10.0,20.0,200.0,0.4,0.8,74.4,47.6,95.2,9266.2,31.6,63.2,9559.8,0.0,0.0,2443.8,0.0,0.0,2390.8,53.400000000000006,106.4,8858.0,57.6,115.2,9014.4,388.2,0.0,2757.8
malecns_ge5,0.152,PVLP069_R,0.2,10,0.5,63.0,126.0,7403.4,21.8,43.6,332.0,2.4,4.8,77.6,37.8,75.6,9101.0,24.6,49.2,9555.4,0.0,0.0,2455.8,0.0,0.0,2417.6,51.6,102.4,7636.4,53.4,106.0,7340.8,393.4,0.0,2736.6
malecns_ge5,0.152,PVLP069_R,0.2,9,0.5,70.8,141.6,7671.6,18.0,36.0,228.2,1.4,2.8,74.2,47.8,95.6,9174.8,30.8,61.6,9537.6,0.0,0.0,2449.4,0.0,0.0,2429.6,59.8,119.6,8820.6,62.0,124.0,9009.6,383.4,0.0,2744.2
malecns_ge5,0.152,PVLP069_both,0.2,1,0.5,63.0,126.0,8016.0,10.8,21.6,267.6,0.2,0.4,71.8,49.6,99.2,9280.6,25.0,50.0,9541.6,0.0,0.0,2303.8,0.0,0.0,2294.8,53.0,105.6,9038.4,60.6,120.8,9038.6,386.8,0.0,2655.8
malecns_ge5,0.152,PVLP069_both,0.2,2,0.5,66.0,132.0,8352.8,15.6,31.2,324.8,1.0,2.0,73.8,45.6,90.8,9264.0,29.8,59.6,9625.4,0.0,0.0,2401.6,0.0,0.0,2356.8,52.2,104.0,8942.2,66.8,132.0,9057.0,387.2,0.0,2732.4
malecns_ge5,0.152,PVLP069_both,0.2,5,0.5,62.0,124.0,7662.2,9.4,18.8,210.6,0.4,0.8,77.8,42.2,84.4,9203.2,24.0,48.0,9403.4,0.0,0.0,2395.6,0.0,0.0,2392.2,44.6,89.2,8561.0,56.4,112.8,8903.2,388.79999999999995,0.0,2764.0
malecns_ge5,0.152,PVLP069_both,0.2,3,0.5,70.8,141.6,7676.0,16.8,33.6,304.4,0.4,0.8,81.0,50.8,101.6,9238.0,27.2,54.4,9476.2,0.0,0.0,2427.0,0.0,0.0,2431.8,55.2,110.4,8605.6,58.6,117.2,8810.4,387.2,0.0,2773.8
malecns_ge5,0.152,PVLP069_both,0.2,4,0.5,58.0,116.0,7853.2,10.6,21.2,212.0,0.2,0.4,77.2,37.0,74.0,9200.2,27.0,54.0,9526.0,0.0,0.0,2343.0,0.0,0.0,2372.0,38.6,77.2,8540.0,45.6,91.2,8961.4,384.0,0.0,2713.2
malecns_ge5,0.152,PVLP069_both,0.2,6,0.5,55.2,110.4,7756.6,14.6,29.2,346.8,0.6,1.2,82.8,41.6,83.2,9248.8,30.0,60.0,9623.4,0.0,0.0,2375.2,0.0,0.0,2365.2,46.4,92.8,8771.4,48.2,96.4,8831.6,387.8,0.0,2684.6
malecns_ge5,0.152,PVLP069_both,0.2,7,0.5,65.4,130.8,8069.8,10.0,20.0,200.0,0.4,0.8,74.4,50.0,100.0,9211.6,34.6,69.2,9507.8,0.0,0.0,2431.4,0.0,0.0,2363.2,54.2,108.0,8991.2,59.2,118.4,8919.4,388.4,0.0,2723.2
malecns_ge5,0.152,PVLP069_both,0.2,9,0.5,70.8,141.6,7671.6,18.0,36.0,228.2,1.4,2.8,74.2,50.8,101.6,9178.2,28.8,57.6,9377.4,0.0,0.0,2404.0,0.0,0.0,2396.4,60.0,120.0,8637.6,64.8,129.6,8863.8,382.0,0.0,2726.4
malecns_ge5,0.152,PVLP069_both,0.2,8,0.5,61.4,122.8,7669.2,17.4,34.8,241.8,1.0,2.0,79.2,38.6,77.2,9194.6,19.2,38.4,9385.4,0.0,0.0,2384.2,0.0,0.0,2393.2,45.800000000000004,91.2,8916.4,60.0,118.8,8783.2,385.8,0.0,2717.4
malecns_ge5,0.152,PVLP069_both,0.2,10,0.5,63.0,126.0,7403.4,21.8,43.6,332.0,2.4,4.8,77.6,38.4,76.8,9192.4,26.4,52.8,9556.4,0.0,0.0,2389.8,0.0,0.0,2386.4,47.6,95.2,8574.6,54.6,109.2,7588.4,392.0,0.0,2763.2
malecns_ge5,0.152,intact,0.2,1,1.0,68.2,134.8,8372.4,14.4,28.8,376.4,0.0,0.0,68.6,54.2,107.2,9678.4,29.8,59.6,9937.2,0.0,0.0,2466.8,0.0,0.0,2454.6,59.2,115.2,9377.4,62.8,123.6,9369.8,387.8,0.0,2751.2
malecns_ge5,0.152,intact,0.2,5,1.0,66.2,132.4,4082.4,7.2,14.4,183.0,1.0,2.0,91.2,36.0,72.0,9308.8,21.6,43.2,8282.0,0.0,0.0,2554.0,0.0,0.0,2541.0,48.0,96.0,7495.0,55.8,111.6,8271.8,391.79999999999995,0.0,2843.2
malecns_ge5,0.152,intact,0.2,2,1.0,78.60000000000001,150.8,8701.8,40.0,77.6,2125.8,2.6,5.2,95.4,56.4,110.0,9766.2,35.6,71.2,10085.4,2.0,4.0,2591.8,0.0,0.0,2501.0,68.0,130.8,9429.0,71.8,136.4,9507.4,387.2,0.0,2883.0
malecns_ge5,0.152,intact,0.2,4,1.0,55.8,111.6,8106.2,11.8,23.6,304.8,0.0,0.0,69.4,32.8,65.6,9459.2,22.0,44.0,9763.6,0.0,0.0,2556.6,0.0,0.0,2526.8,36.2,72.4,9038.4,40.4,80.8,9102.8,382.0,0.0,2868.2
malecns_ge5,0.152,intact,0.2,3,1.0,75.2,150.4,8217.4,21.4,42.8,1849.6,2.2,4.4,145.6,51.4,102.8,9488.0,34.0,68.0,9848.0,7.2,14.4,5285.4,0.0,0.0,2592.4,59.800000000000004,119.2,9220.0,61.8,123.6,9271.6,388.20000000000005,0.0,2908.2
malecns_ge5,0.152,intact,0.2,9,1.0,81.0,162.0,6602.6,26.6,53.2,375.4,1.6,3.2,75.4,29.6,59.2,5283.4,25.0,50.0,9579.4,0.0,0.0,2450.4,0.0,0.0,2445.4,70.0,140.0,6277.0,63.8,127.6,7803.8,379.0,0.0,2712.8
malecns_ge5,0.152,intact,0.2,6,1.0,54.4,108.8,8080.4,15.8,31.6,407.0,0.4,0.8,114.4,41.4,82.8,9431.0,30.6,61.2,9925.8,0.0,0.0,2550.6,0.0,0.0,2535.0,42.0,83.6,9005.2,43.400000000000006,86.4,9041.4,389.6,0.0,2847.8
malecns_ge5,0.152,intact,0.2,10,1.0,67.0,134.0,5649.8,26.2,52.4,354.6,1.4,2.8,86.6,43.0,85.6,5207.4,20.8,41.6,9564.6,0.0,0.0,2582.6,0.0,0.0,2558.2,59.2,116.0,6204.8,52.0,102.8,5004.8,398.2,0.0,2833.8
malecns_ge5,0.152,intact,0.2,7,1.0,70.2,140.4,8349.6,6.4,12.8,206.6,0.2,0.4,85.6,49.2,98.4,9470.6,33.4,66.8,9831.8,0.0,0.0,2636.6,0.0,0.0,2527.6,53.8,107.6,9263.0,61.4,122.8,9302.0,389.0,0.0,2857.0
malecns_ge5,0.152,PVLP069_L,0.2,1,1.0,68.2,134.8,8372.4,14.4,28.8,376.4,0.0,0.0,68.6,56.0,109.6,9604.0,36.0,71.6,9878.6,0.0,0.0,2378.6,0.0,0.0,2347.4,63.6,125.2,9235.2,57.2,112.0,9100.6,387.20000000000005,0.0,2689.6
malecns_ge5,0.152,intact,0.2,8,1.0,60.0,119.6,8210.2,26.2,52.4,8142.8,0.6,1.2,82.2,38.6,77.2,9414.2,26.4,52.8,9687.4,11.6,23.2,9066.4,0.0,0.0,2482.2,45.400000000000006,90.4,9197.8,50.4,99.2,9088.0,385.0,0.0,2753.8
malecns_ge5,0.152,PVLP069_L,0.2,5,1.0,66.2,132.4,4082.4,7.2,14.4,183.0,1.0,2.0,91.2,42.2,84.4,9322.8,18.4,36.8,9288.8,0.0,0.0,2455.6,0.0,0.0,2488.4,48.6,97.2,8744.2,52.8,105.6,7527.6,391.6,0.0,2772.6
malecns_ge5,0.152,PVLP069_L,0.2,4,1.0,55.8,111.6,8106.2,11.8,23.6,304.8,0.0,0.0,69.4,34.2,68.4,9382.4,23.4,46.8,9684.4,0.0,0.0,2454.0,0.0,0.0,2447.6,38.4,76.8,8924.0,37.0,74.0,9122.0,381.6,0.0,2770.6
malecns_ge5,0.152,PVLP069_L,0.2,2,1.0,78.60000000000001,150.8,8701.8,40.0,77.6,2125.8,2.6,5.2,95.4,56.8,110.0,9707.4,35.2,70.4,9937.6,2.0,4.0,2541.8,0.0,0.0,2457.6,71.4,134.8,9461.0,70.2,134.0,9459.8,386.4,0.0,2836.2
malecns_ge5,0.152,PVLP069_L,0.2,3,1.0,75.2,150.4,8217.4,21.4,42.8,1849.6,2.2,4.4,145.6,61.0,122.0,9459.4,33.2,66.4,9770.6,8.4,16.8,5243.6,0.0,0.0,2514.6,63.0,126.0,9134.4,63.4,126.8,9221.8,387.6,0.0,2851.8
malecns_ge5,0.152,PVLP069_L,0.2,10,1.0,67.0,134.0,5649.8,26.2,52.4,354.6,1.4,2.8,86.6,44.199999999999996,86.8,5130.4,23.4,46.8,9524.4,0.0,0.0,2479.4,0.0,0.0,2451.4,60.2,118.4,7199.6,50.2,99.2,6293.6,397.0,0.0,2764.2
malecns_ge5,0.152,PVLP069_L,0.2,9,1.0,81.0,162.0,6602.6,26.6,53.2,375.4,1.6,3.2,75.4,52.2,104.4,6687.2,37.2,74.4,9533.4,1.4,2.8,2464.2,0.0,0.0,2426.2,71.6,143.2,6172.6,67.2,134.4,7668.2,377.8,0.0,2750.8
malecns_ge5,0.152,PVLP069_L,0.2,6,1.0,54.4,108.8,8080.4,15.8,31.6,407.0,0.4,0.8,114.4,41.0,82.0,9288.0,33.0,66.0,9838.6,0.0,0.0,2448.8,0.0,0.0,2443.2,43.800000000000004,87.2,8718.6,46.2,92.4,9041.8,389.0,0.0,2763.6
malecns_ge5,0.152,PVLP069_L,0.2,7,1.0,70.2,140.4,8349.6,6.4,12.8,206.6,0.2,0.4,85.6,52.8,105.6,9339.6,34.4,68.8,9695.2,0.0,0.0,2574.8,0.0,0.0,2441.6,59.0,118.0,9225.8,60.8,121.6,9222.4,389.20000000000005,0.0,2773.0
malecns_ge5,0.152,PVLP069_R,0.2,1,1.0,68.2,134.8,8372.4,14.4,28.8,376.4,0.0,0.0,68.6,58.4,113.6,9589.8,39.400000000000006,78.4,9956.4,0.0,0.0,2373.0,0.0,0.0,2344.6,60.2,118.4,9302.4,61.6,120.8,9339.0,387.0,0.0,2710.8
malecns_ge5,0.152,PVLP069_L,0.2,8,1.0,60.0,119.6,8210.2,26.2,52.4,8142.8,0.6,1.2,82.2,36.6,73.2,9390.6,28.0,56.0,9652.2,8.2,16.4,6559.6,0.0,0.0,2441.0,47.400000000000006,94.4,9115.6,48.400000000000006,94.4,9023.8,383.8,0.0,2754.2
malecns_ge5,0.152,PVLP069_R,0.2,2,1.0,78.60000000000001,150.8,8701.8,40.0,77.6,2125.8,2.6,5.2,95.4,64.2,122.8,9733.2,39.2,78.0,10032.4,5.6000000000000005,10.4,2545.4,0.0,0.0,2420.8,66.0,125.2,9542.6,78.39999999999999,147.2,9389.4,386.6,0.0,2846.4
malecns_ge5,0.152,PVLP069_R,0.2,5,1.0,66.2,132.4,4082.4,7.2,14.4,183.0,1.0,2.0,91.2,46.0,92.0,9238.4,23.8,47.6,9504.8,0.0,0.0,2459.6,0.0,0.0,2465.6,53.0,106.0,7502.4,62.800000000000004,125.2,7070.8,390.79999999999995,0.0,2782.2
malecns_ge5,0.152,PVLP069_R,0.2,3,1.0,75.2,150.4,8217.4,21.4,42.8,1849.6,2.2,4.4,145.6,57.0,113.6,9407.4,36.4,72.8,9732.0,8.4,16.8,5218.8,0.0,0.0,2508.0,58.0,115.6,9149.0,67.6,135.2,9145.8,387.4,0.0,2877.6
malecns_ge5,0.152,PVLP069_R,0.2,4,1.0,55.8,111.6,8106.2,11.8,23.6,304.8,0.0,0.0,69.4,35.0,70.0,9364.8,23.0,46.0,9690.6,0.0,0.0,2426.4,0.0,0.0,2426.6,36.6,73.2,9169.2,42.6,85.2,8997.6,382.4,0.0,2783.6
malecns_ge5,0.152,PVLP069_R,0.2,9,1.0,81.0,162.0,6602.6,26.6,53.2,375.4,1.6,3.2,75.4,58.2,116.4,5324.8,39.0,78.0,9579.0,0.2,0.4,2492.8,0.0,0.0,2470.4,71.2,142.4,7630.2,76.4,152.8,7085.8,377.8,0.0,2773.8
malecns_ge5,0.152,PVLP069_R,0.2,10,1.0,67.0,134.0,5649.8,26.2,52.4,354.6,1.4,2.8,86.6,52.4,104.0,6380.4,23.6,47.2,8188.4,0.0,0.0,2520.0,0.0,0.0,2456.6,63.0,122.8,6235.2,57.800000000000004,114.4,4764.4,397.2,0.0,2793.2
malecns_ge5,0.152,PVLP069_R,0.2,6,1.0,54.4,108.8,8080.4,15.8,31.6,407.0,0.4,0.8,114.4,47.0,94.0,9508.8,34.2,68.4,9844.8,0.0,0.0,2432.0,0.0,0.0,2428.0,45.400000000000006,90.4,8735.0,49.0,97.6,9036.6,388.6,0.0,2722.6
malecns_ge5,0.152,PVLP069_R,0.2,7,1.0,70.2,140.4,8349.6,6.4,12.8,206.6,0.2,0.4,85.6,51.0,102.0,9398.0,36.6,73.2,9704.8,0.0,0.0,2595.2,0.0,0.0,2437.0,60.2,120.4,9254.8,63.6,127.2,9143.2,388.20000000000005,0.0,2831.6
malecns_ge5,0.152,PVLP069_both,0.2,1,1.0,68.2,134.8,8372.4,14.4,28.8,376.4,0.0,0.0,68.6,56.6,111.2,9520.6,36.6,72.8,9859.4,0.0,0.0,2295.6,0.0,0.0,2291.0,60.2,118.0,9186.2,63.2,124.4,9244.4,386.4,0.0,2653.6
malecns_ge5,0.152,PVLP069_R,0.2,8,1.0,60.0,119.6,8210.2,26.4,52.8,8141.0,0.6,1.2,82.2,42.2,84.4,9352.2,29.2,58.4,9670.4,17.6,35.2,9332.8,0.0,0.0,2450.2,45.0,89.6,9159.0,59.6,116.8,8915.6,383.79999999999995,0.0,2788.8
malecns_ge5,0.152,PVLP069_both,0.2,2,1.0,78.60000000000001,150.8,8701.8,40.0,77.6,2125.8,2.6,5.2,95.4,62.6,120.4,9668.0,38.400000000000006,76.4,10002.6,2.6,5.2,2542.2,0.0,0.0,2427.4,66.2,126.0,9411.8,78.4,146.8,9430.6,385.4,0.0,2836.0
malecns_ge5,0.152,PVLP069_both,0.2,5,1.0,66.2,132.4,4082.4,7.2,14.4,183.0,1.0,2.0,91.2,43.0,86.0,8880.6,21.2,42.4,9467.4,0.0,0.0,2473.6,0.0,0.0,2451.2,46.4,92.8,8759.2,61.4,122.8,7980.0,390.6,0.0,2805.2
malecns_ge5,0.152,PVLP069_both,0.2,3,1.0,75.2,150.4,8217.4,21.4,42.8,1849.6,2.2,4.4,145.6,56.6,113.2,9429.2,34.8,69.6,9760.2,8.0,16.0,5226.6,0.0,0.0,2507.6,67.60000000000001,134.8,9139.4,64.4,128.8,9126.6,386.6,0.0,2887.4
malecns_ge5,0.152,PVLP069_both,0.2,4,1.0,55.8,111.6,8106.2,11.8,23.6,304.8,0.0,0.0,69.4,35.0,70.0,9329.4,22.0,44.0,9589.2,0.0,0.0,2425.4,0.0,0.0,2394.0,37.0,74.0,9096.6,46.0,92.0,8968.4,380.8,0.0,2757.0
malecns_ge5,0.152,PVLP069_both,0.2,9,1.0,81.0,162.0,6602.6,26.6,53.2,375.4,1.6,3.2,75.4,62.6,125.2,8001.6,34.4,68.8,6845.4,0.0,0.0,2442.4,0.0,0.0,2437.2,71.4,142.8,7514.4,76.4,152.8,7472.8,377.4,0.0,2755.0
malecns_ge5,0.152,PVLP069_both,0.2,6,1.0,54.4,108.8,8080.4,15.8,31.6,407.0,0.4,0.8,114.4,44.2,88.4,9506.4,29.8,59.6,9829.6,0.0,0.0,2411.0,0.0,0.0,2399.4,42.0,84.0,8852.2,46.8,93.6,8765.8,388.2,0.0,2715.4
malecns_ge5,0.152,PVLP069_both,0.2,7,1.0,70.2,140.4,8349.6,6.4,12.8,206.6,0.2,0.4,85.6,54.2,108.4,9341.8,37.0,74.0,9751.2,0.0,0.0,2537.6,0.0,0.0,2423.6,62.2,124.0,9194.6,66.4,132.8,9122.0,387.6,0.0,2761.6
malecns_ge5,0.152,PVLP069_both,0.2,10,1.0,67.0,134.0,5649.8,26.2,52.4,354.6,1.4,2.8,86.6,51.8,102.8,5143.0,24.4,48.8,7991.8,0.0,0.0,2456.2,0.0,0.0,2458.4,58.0,113.6,6055.2,59.800000000000004,118.4,4888.8,396.0,0.0,2773.8
malecns_ge5,0.152,PVLP069_both,0.2,8,1.0,60.0,119.6,8210.2,26.4,52.8,8141.0,0.6,1.2,82.2,39.0,78.0,9342.2,28.8,57.6,9657.0,15.4,30.8,9296.0,0.0,0.0,2454.6,46.800000000000004,93.2,9118.8,56.4,110.8,8924.6,383.0,0.0,2789.2
malecns_ge5,0.152,intact,0.1,1,0.5,67.4,134.8,8044.4,12.6,25.2,294.0,0.4,0.8,72.6,39.2,78.4,9403.2,25.4,50.8,9723.8,0.0,0.0,2483.8,0.0,0.0,2454.2,55.0,109.2,9116.0,52.6,104.8,9186.0,386.0,0.0,2736.0
malecns_ge5,0.152,intact,0.1,2,0.5,63.4,126.8,8066.0,11.8,23.6,257.2,1.2,2.4,83.0,44.8,89.6,9470.2,26.8,53.6,9792.8,0.0,0.0,2549.4,0.0,0.0,2492.6,55.400000000000006,110.4,9249.8,56.400000000000006,112.4,9263.0,385.4,0.0,2808.6
malecns_ge5,0.152,intact,0.1,3,0.5,70.2,140.4,7718.6,15.2,30.4,263.0,1.0,2.0,85.8,43.0,86.0,9391.2,31.2,62.4,9692.2,0.0,0.0,2534.4,0.0,0.0,2536.8,56.2,112.4,8576.4,59.0,118.0,9060.8,385.8,0.0,2812.2
malecns_ge5,0.152,intact,0.1,4,0.5,55.4,110.8,7952.0,14.2,28.4,251.4,0.0,0.0,68.2,34.6,69.2,9361.0,27.4,54.8,9660.6,0.0,0.0,2515.0,0.0,0.0,2485.2,41.8,83.6,9050.2,44.2,88.4,9080.4,383.4,0.0,2838.0
malecns_ge5,0.152,intact,0.1,9,0.5,72.6,145.2,7581.8,20.0,40.0,368.8,1.0,2.0,68.6,42.8,85.6,9328.0,22.8,45.6,8530.6,0.0,0.0,2470.8,0.0,0.0,2458.8,61.8,123.6,8774.0,59.6,119.2,8580.4,381.2,0.0,2718.8
malecns_ge5,0.152,intact,0.1,5,0.5,66.0,132.0,7692.0,13.8,27.6,249.6,0.6,1.2,77.4,39.6,79.2,9355.0,27.4,54.8,9684.0,0.0,0.0,2512.0,0.0,0.0,2500.2,48.0,96.0,9020.6,52.400000000000006,104.4,8901.4,387.8,0.0,2805.8
malecns_ge5,0.152,intact,0.1,8,0.5,66.4,132.0,7583.6,16.6,33.2,262.8,0.6,1.2,75.4,35.4,70.8,9324.4,20.0,40.0,9622.0,0.0,0.0,2503.6,0.0,0.0,2469.8,52.800000000000004,104.4,8975.4,49.6,98.8,8200.8,384.6,0.0,2738.6
malecns_ge5,0.152,intact,0.1,6,0.5,57.2,114.4,7843.8,12.4,24.8,299.4,1.0,2.0,83.8,36.0,72.0,9495.4,29.4,58.8,9795.0,0.0,0.0,2516.2,0.0,0.0,2525.2,44.2,88.4,8801.8,46.4,92.8,9003.2,387.4,0.0,2803.0
malecns_ge5,0.152,intact,0.1,10,0.5,63.8,127.6,4845.6,17.0,34.0,279.0,1.4,2.8,73.2,33.6,67.2,8807.4,19.6,39.2,7991.4,0.0,0.0,2547.6,0.0,0.0,2510.4,56.4,111.6,7567.4,48.6,97.2,8588.8,390.6,0.0,2792.4
malecns_ge5,0.152,intact,0.1,7,0.5,67.2,134.4,7772.6,12.0,24.0,240.4,0.8,1.6,88.6,43.2,86.4,9381.2,29.0,58.0,9609.2,0.0,0.0,2499.6,0.0,0.0,2477.2,54.8,109.6,9138.0,54.4,108.8,9084.6,386.8,0.0,2818.2
malecns_ge5,0.152,PVLP069_L,0.1,1,0.5,67.4,134.8,8044.4,12.6,25.2,294.0,0.4,0.8,72.6,49.4,98.8,9390.2,25.0,50.0,9640.2,0.0,0.0,2387.4,0.0,0.0,2358.2,56.0,110.8,9049.8,51.0,101.6,9158.6,385.4,0.0,2674.0
malecns_ge5,0.152,PVLP069_L,0.1,2,0.5,63.4,126.8,8066.0,11.8,23.6,257.2,1.2,2.4,83.0,47.2,94.4,9375.6,27.8,55.6,9725.4,0.0,0.0,2420.0,0.0,0.0,2379.4,51.8,102.8,9050.2,56.800000000000004,113.2,9217.2,385.2,0.0,2744.0
malecns_ge5,0.152,PVLP069_L,0.1,3,0.5,70.2,140.4,7718.6,15.2,30.4,263.0,1.0,2.0,85.8,42.6,85.2,9335.0,32.0,64.0,9640.4,0.0,0.0,2486.0,0.0,0.0,2459.2,55.6,110.8,8598.0,52.4,104.8,8856.6,385.4,0.0,2750.6
malecns_ge5,0.152,PVLP069_L,0.1,4,0.5,55.4,110.8,7952.0,14.2,28.4,251.4,0.0,0.0,68.2,36.6,73.2,9284.0,27.8,55.6,9584.4,0.0,0.0,2395.4,0.0,0.0,2391.6,43.0,86.0,8687.0,44.0,88.0,8984.0,383.0,0.0,2729.2
malecns_ge5,0.152,PVLP069_L,0.1,5,0.5,66.0,132.0,7692.0,13.8,27.6,249.6,0.6,1.2,77.4,34.8,69.6,9341.8,27.2,54.4,9579.4,0.0,0.0,2418.6,0.0,0.0,2397.0,47.2,94.4,8920.4,51.2,102.0,8901.6,387.2,0.0,2748.6
malecns_ge5,0.152,PVLP069_L,0.1,10,0.5,63.8,127.6,4845.6,17.0,34.0,279.0,1.4,2.8,73.2,40.8,81.6,9137.4,22.4,44.8,9228.4,0.0,0.0,2429.4,0.0,0.0,2407.6,55.599999999999994,109.6,6283.4,48.6,96.8,6397.6,390.20000000000005,0.0,2730.0
malecns_ge5,0.152,PVLP069_L,0.1,8,0.5,66.4,132.0,7583.6,16.6,33.2,262.8,0.6,1.2,75.4,35.0,70.0,9298.2,23.0,46.0,9536.2,0.0,0.0,2427.4,0.0,0.0,2431.2,49.8,98.0,8714.6,45.4,90.8,7553.2,383.6,0.0,2699.2
malecns_ge5,0.152,PVLP069_L,0.1,9,0.5,72.6,145.2,7581.8,20.0,40.0,368.8,1.0,2.0,68.6,42.6,85.2,7954.8,27.4,54.8,9289.2,0.0,0.0,2427.0,0.0,0.0,2403.2,59.6,118.8,8803.2,58.0,116.0,8532.2,380.6,0.0,2702.0
malecns_ge5,0.152,PVLP069_L,0.1,6,0.5,57.2,114.4,7843.8,12.4,24.8,299.4,1.0,2.0,83.8,38.2,76.4,9385.8,30.8,61.6,9732.8,0.0,0.0,2405.2,0.0,0.0,2393.4,43.6,87.2,8546.2,47.0,94.0,8831.0,386.2,0.0,2702.6
malecns_ge5,0.152,PVLP069_L,0.1,7,0.5,67.2,134.4,7772.6,12.0,24.0,240.4,0.8,1.6,88.6,47.0,94.0,9313.8,29.6,59.2,9541.2,0.0,0.0,2403.0,0.0,0.0,2388.6,51.4,102.8,8949.0,54.0,108.0,9095.4,386.0,0.0,2730.6
malecns_ge5,0.152,PVLP069_R,0.1,1,0.5,67.4,134.8,8044.4,12.6,25.2,294.0,0.4,0.8,72.6,48.8,97.6,9340.6,25.8,51.6,9639.8,0.0,0.0,2387.8,0.0,0.0,2362.2,52.6,104.0,9074.6,58.400000000000006,116.4,9100.8,384.8,0.0,2682.0
malecns_ge5,0.152,PVLP069_R,0.1,2,0.5,63.4,126.8,8066.0,11.8,23.6,257.2,1.2,2.4,83.0,49.400000000000006,98.4,9375.8,32.0,64.0,9752.2,0.0,0.0,2438.0,0.0,0.0,2397.4,54.0,107.2,9200.8,64.0,127.2,9077.6,385.20000000000005,0.0,2771.6
malecns_ge5,0.152,PVLP069_R,0.1,4,0.5,55.4,110.8,7952.0,14.2,28.4,251.4,0.0,0.0,68.2,36.4,72.8,9232.4,27.6,55.2,9591.2,0.0,0.0,2384.8,0.0,0.0,2377.8,42.400000000000006,84.4,8896.0,46.6,93.2,8970.6,382.79999999999995,0.0,2744.0
malecns_ge5,0.152,PVLP069_R,0.1,3,0.5,70.2,140.4,7718.6,15.2,30.4,263.0,1.0,2.0,85.8,49.6,99.2,9357.4,30.8,61.6,9600.8,1.0,2.0,2483.6,0.0,0.0,2459.2,54.0,108.0,8763.0,60.2,120.4,9044.4,385.4,0.0,2777.0
malecns_ge5,0.152,PVLP069_R,0.1,5,0.5,66.0,132.0,7692.0,13.8,27.6,249.6,0.6,1.2,77.4,43.4,86.8,9281.4,28.4,56.8,9601.4,0.0,0.0,2435.2,0.0,0.0,2410.6,45.6,91.2,9019.0,58.6,116.8,8804.2,387.0,0.0,2761.6
malecns_ge5,0.152,PVLP069_R,0.1,6,0.5,57.2,114.4,7843.8,12.4,24.8,299.4,1.0,2.0,83.8,41.6,83.2,9363.2,31.2,62.4,9681.0,0.0,0.0,2424.4,0.0,0.0,2425.6,43.6,87.2,8593.0,53.4,106.8,8610.8,386.0,0.0,2715.8
malecns_ge5,0.152,PVLP069_R,0.1,8,0.5,66.4,132.0,7583.6,16.6,33.2,262.8,0.6,1.2,75.4,43.0,85.6,7966.2,23.8,47.6,8636.6,0.0,0.0,2443.2,0.0,0.0,2433.2,55.199999999999996,106.8,7664.8,55.6,110.0,8072.8,383.4,0.0,2734.2
malecns_ge5,0.152,PVLP069_R,0.1,7,0.5,67.2,134.4,7772.6,12.0,24.0,240.4,0.8,1.6,88.6,47.0,94.0,9290.4,29.0,58.0,9591.0,0.0,0.0,2403.2,0.0,0.0,2392.4,52.0,104.0,9043.6,61.2,122.4,8913.2,385.6,0.0,2764.8
malecns_ge5,0.152,PVLP069_R,0.1,10,0.5,63.8,127.6,4845.6,17.0,34.0,279.0,1.4,2.8,73.2,47.8,94.8,6691.0,19.2,38.4,7992.6,0.0,0.0,2450.6,0.0,0.0,2416.4,57.400000000000006,112.4,6640.6,53.6,106.8,6305.0,389.6,0.0,2738.6
malecns_ge5,0.152,PVLP069_R,0.1,9,0.5,72.6,145.2,7581.8,20.0,40.0,368.8,1.0,2.0,68.6,50.6,101.2,7928.4,29.2,58.4,9302.4,0.0,0.0,2438.6,0.0,0.0,2444.8,60.4,120.0,8832.6,67.4,134.8,8417.4,380.8,0.0,2751.8
malecns_ge5,0.152,PVLP069_both,0.1,1,0.5,67.4,134.8,8044.4,12.6,25.2,294.0,0.4,0.8,72.6,50.2,100.4,9316.2,29.0,58.0,9607.0,0.0,0.0,2331.8,0.0,0.0,2328.8,55.800000000000004,110.4,8963.4,58.2,116.0,9050.2,384.4,0.0,2680.8
malecns_ge5,0.152,PVLP069_both,0.1,2,0.5,63.4,126.8,8066.0,11.8,23.6,257.2,1.2,2.4,83.0,53.6,106.4,9333.2,28.8,57.6,9632.6,0.0,0.0,2415.4,0.0,0.0,2364.8,50.6,100.8,9086.0,67.0,132.8,9199.8,384.0,0.0,2744.4
malecns_ge5,0.152,PVLP069_both,0.1,4,0.5,55.4,110.8,7952.0,14.2,28.4,251.4,0.0,0.0,68.2,37.6,75.2,9241.2,27.8,55.6,9585.6,0.0,0.0,2349.0,0.0,0.0,2365.2,42.6,85.2,8891.4,50.8,101.6,8964.0,381.8,0.0,2733.4
malecns_ge5,0.152,PVLP069_both,0.1,3,0.5,70.2,140.4,7718.6,15.2,30.4,263.0,1.0,2.0,85.8,54.2,108.4,9322.6,32.6,65.2,9584.0,0.0,0.0,2457.4,0.0,0.0,2468.4,53.6,107.2,8597.0,61.0,122.0,8949.0,384.4,0.0,2794.0
malecns_ge5,0.152,PVLP069_both,0.1,5,0.5,66.0,132.0,7692.0,13.8,27.6,249.6,0.6,1.2,77.4,41.6,83.2,9244.8,27.4,54.8,9529.8,0.0,0.0,2398.6,0.0,0.0,2416.2,40.8,81.6,8899.4,61.6,123.2,8758.4,386.2,0.0,2759.8
malecns_ge5,0.152,PVLP069_both,0.1,8,0.5,66.4,132.0,7583.6,16.6,33.2,262.8,0.6,1.2,75.4,40.6,80.8,7957.6,23.0,46.0,9531.2,0.0,0.0,2412.4,0.0,0.0,2433.0,52.4,102.8,8794.6,58.8,116.0,7576.2,382.6,0.0,2731.8
malecns_ge5,0.152,PVLP069_both,0.1,6,0.5,57.2,114.4,7843.8,12.4,24.8,299.4,1.0,2.0,83.8,42.2,84.4,9302.8,29.6,59.2,9663.6,0.0,0.0,2378.8,0.0,0.0,2374.4,47.4,94.8,8513.2,53.8,107.6,8947.2,385.0,0.0,2693.8
malecns_ge5,0.152,PVLP069_both,0.1,9,0.5,72.6,145.2,7581.8,20.0,40.0,368.8,1.0,2.0,68.6,49.8,99.6,9180.6,27.8,55.6,9267.2,0.0,0.0,2414.4,0.0,0.0,2408.2,57.2,114.4,8803.4,66.6,133.2,8391.6,379.6,0.0,2726.6
malecns_ge5,0.152,PVLP069_both,0.1,7,0.5,67.2,134.4,7772.6,12.0,24.0,240.4,0.8,1.6,88.6,48.0,96.0,9236.6,31.6,63.2,9532.6,0.0,0.0,2382.6,0.0,0.0,2382.0,55.6,111.2,9011.4,61.2,122.4,8997.0,384.8,0.0,2746.2
malecns_ge5,0.152,PVLP069_both,0.1,10,0.5,63.8,127.6,4845.6,17.0,34.0,279.0,1.4,2.8,73.2,40.199999999999996,79.6,6572.0,24.2,48.4,8176.2,0.0,0.0,2387.8,0.0,0.0,2376.4,54.4,107.2,7400.8,55.0,109.6,6185.2,388.4,0.0,2748.8
malecns_ge5,0.152,intact,0.1,1,1.0,70.0,136.8,6806.6,11.6,23.2,258.6,0.0,0.0,74.0,55.4,109.2,9736.6,31.0,61.6,10005.8,0.0,0.0,2500.4,0.0,0.0,2449.6,63.199999999999996,122.8,9341.2,56.8,111.6,9391.8,384.79999999999995,0.0,2766.4
malecns_ge5,0.152,intact,0.1,2,1.0,72.6,141.6,8779.8,30.400000000000002,59.2,561.0,2.8,5.6,105.6,63.199999999999996,120.8,9850.0,33.4,66.8,10138.8,2.4,4.8,2627.8,0.0,0.0,2502.6,72.39999999999999,137.2,9633.2,69.6,133.6,9623.4,384.6,0.0,2907.4
malecns_ge5,0.152,intact,0.1,9,1.0,79.2,158.4,5668.0,26.4,52.8,461.4,1.8,3.6,73.2,25.2,50.4,6295.6,19.6,39.2,8414.2,0.0,0.0,2473.0,0.0,0.0,2433.8,72.6,145.2,9087.8,63.0,126.0,7204.4,376.6,0.0,2722.8
malecns_ge5,0.152,intact,0.1,5,1.0,70.4,140.8,7532.2,15.2,30.4,315.0,2.2,4.4,95.0,42.8,85.6,9457.8,23.6,47.2,9668.6,0.0,0.0,2554.8,0.0,0.0,2553.0,55.6,110.8,8566.4,56.6,113.2,8736.0,388.4,0.0,2855.0
malecns_ge5,0.152,intact,0.1,4,1.0,55.8,111.6,8333.0,14.4,28.8,373.0,0.0,0.0,72.4,34.8,69.6,9500.6,25.0,50.0,9780.4,0.0,0.0,2567.0,0.0,0.0,2546.6,40.6,80.8,9205.0,40.0,80.0,9189.0,379.79999999999995,0.0,2869.0
malecns_ge5,0.152,intact,0.1,10,1.0,68.2,136.4,2214.0,20.0,40.0,366.0,0.8,1.6,81.8,38.6,76.4,5013.4,11.4,22.8,3013.0,0.0,0.0,2592.6,0.0,0.0,2564.6,62.400000000000006,122.4,6319.0,52.199999999999996,102.8,4866.0,394.0,0.0,2838.6
malecns_ge5,0.152,intact,0.1,3,1.0,77.0,154.0,8445.6,18.8,37.6,356.6,2.0,4.0,156.0,51.4,102.8,9608.6,38.6,77.2,9860.4,6.4,12.8,3998.6,0.0,0.0,2606.8,63.6,126.8,9277.6,66.2,132.4,9264.4,385.0,0.0,2914.6
malecns_ge5,0.152,intact,0.1,6,1.0,51.6,103.2,8063.0,13.8,27.6,333.2,1.0,2.0,133.0,42.4,84.8,9610.2,32.8,65.6,9936.2,0.0,0.0,2559.8,0.0,0.0,2554.0,44.8,89.6,8791.8,47.2,94.4,9105.6,386.8,0.0,2856.0
malecns_ge5,0.152,intact,0.1,7,1.0,72.2,144.4,8416.0,11.8,23.6,214.4,0.0,0.0,85.6,52.4,104.8,9504.2,33.0,66.0,9798.2,0.0,0.0,2553.0,0.0,0.0,2533.0,63.8,127.6,9215.6,61.8,123.6,9317.8,386.2,0.0,2867.4
malecns_ge5,0.152,PVLP069_L,0.1,1,1.0,70.0,136.8,6806.6,11.6,23.2,258.6,0.0,0.0,74.0,58.599999999999994,115.6,9612.0,40.2,80.4,9953.4,0.0,0.0,2362.2,0.0,0.0,2361.6,55.6,108.8,9269.0,60.0,118.0,9363.2,384.6,0.0,2693.6
malecns_ge5,0.152,intact,0.1,8,1.0,59.8,119.6,8219.8,25.8,51.6,8096.4,1.0,2.0,80.8,39.6,79.2,9466.0,23.6,47.2,8351.6,12.0,24.0,7937.6,0.0,0.0,2494.6,50.4,98.0,9224.2,43.800000000000004,87.2,9193.8,381.4,0.0,2763.0
malecns_ge5,0.152,PVLP069_L,0.1,5,1.0,70.4,140.8,7532.2,15.2,30.4,315.0,2.2,4.4,95.0,42.0,83.6,9131.2,23.2,46.4,9553.8,0.0,0.0,2480.6,0.0,0.0,2485.8,48.0,96.0,8029.4,57.8,115.6,7432.0,388.2,0.0,2792.6
malecns_ge5,0.152,PVLP069_L,0.1,2,1.0,72.6,141.6,8779.8,30.400000000000002,59.2,561.0,2.8,5.6,105.6,65.4,125.2,9802.0,34.6,69.2,10018.0,2.2,4.4,2583.4,0.0,0.0,2475.2,70.4,134.0,9564.4,76.39999999999999,145.2,9579.8,383.8,0.0,2825.8
malecns_ge5,0.152,PVLP069_L,0.1,3,1.0,77.0,154.0,8445.6,18.8,37.6,356.6,2.0,4.0,156.0,56.2,112.4,9570.4,38.6,77.2,9843.2,5.8,11.6,3920.2,0.0,0.0,2525.4,66.4,132.4,9212.2,64.0,127.6,9324.0,384.79999999999995,0.0,2866.2
malecns_ge5,0.152,PVLP069_L,0.1,4,1.0,55.8,111.6,8333.0,14.4,28.8,373.0,0.0,0.0,72.4,35.2,70.4,9423.0,26.0,52.0,9717.8,0.0,0.0,2459.2,0.0,0.0,2447.4,44.0,88.0,9044.2,40.8,81.6,9107.6,378.6,0.0,2764.0
malecns_ge5,0.152,PVLP069_L,0.1,6,1.0,51.6,103.2,8063.0,13.8,27.6,333.2,1.0,2.0,133.0,44.2,88.4,9600.2,30.4,60.8,9884.4,0.0,0.0,2474.0,0.0,0.0,2440.0,45.0,90.0,8897.6,49.8,99.6,9011.0,386.0,0.0,2750.6
malecns_ge5,0.152,PVLP069_L,0.1,10,1.0,68.2,136.4,2214.0,20.0,40.0,366.0,0.8,1.6,81.8,49.0,96.8,4868.6,13.6,27.2,2947.0,0.0,0.0,2466.0,0.0,0.0,2453.2,61.4,121.6,6166.6,53.8,106.8,6415.4,393.79999999999995,0.0,2760.8
malecns_ge5,0.152,PVLP069_L,0.1,9,1.0,79.2,158.4,5668.0,26.4,52.8,461.4,1.8,3.6,73.2,53.6,107.2,5420.4,30.4,60.8,8194.4,0.4,0.8,2462.8,0.0,0.0,2426.2,70.8,141.6,9041.4,69.8,139.6,5783.8,375.79999999999995,0.0,2752.0
malecns_ge5,0.152,PVLP069_R,0.1,1,1.0,70.0,136.8,6806.6,11.6,23.2,258.6,0.0,0.0,74.0,58.8,115.6,9597.8,38.0,76.0,9874.8,0.0,0.0,2377.2,0.0,0.0,2342.0,62.599999999999994,121.6,9345.2,65.2,127.6,9248.0,384.20000000000005,0.0,2710.8
malecns_ge5,0.152,PVLP069_L,0.1,7,1.0,72.2,144.4,8416.0,11.8,23.6,214.4,0.0,0.0,85.6,52.8,105.6,9429.0,33.6,67.2,9666.8,1.4,2.8,3803.2,0.0,0.0,2443.4,64.60000000000001,128.8,9195.2,62.2,124.4,9241.6,386.0,0.0,2782.2
malecns_ge5,0.152,PVLP069_L,0.1,8,1.0,59.8,119.6,8219.8,25.8,51.6,8096.4,1.0,2.0,80.8,42.0,84.0,9455.4,29.0,57.6,8681.0,8.6,17.2,7704.6,0.0,0.0,2463.0,49.4,97.2,9155.2,46.0,91.2,9214.4,381.0,0.0,2752.4
malecns_ge5,0.152,PVLP069_R,0.1,9,1.0,79.2,158.4,5668.0,26.4,52.8,461.4,1.8,3.6,73.2,61.2,122.4,5579.4,33.6,67.2,8066.4,1.2,2.4,2504.6,0.0,0.0,2472.2,75.2,150.4,9050.8,79.4,158.8,4931.2,375.6,0.0,2783.2
malecns_ge5,0.152,PVLP069_R,0.1,2,1.0,72.6,141.6,8779.8,30.400000000000002,59.2,561.0,2.8,5.6,105.6,67.8,130.0,9842.8,40.8,81.6,10119.0,3.4000000000000004,6.4,2579.6,0.0,0.0,2454.4,69.6,132.0,9622.2,75.4,142.4,9501.6,383.6,0.0,2869.4
malecns_ge5,0.152,PVLP069_R,0.1,3,1.0,77.0,154.0,8445.6,18.8,37.6,356.6,2.0,4.0,156.0,61.2,122.0,9502.8,41.8,83.6,9846.4,6.2,12.4,3957.4,0.0,0.0,2535.6,65.0,130.0,9287.4,69.8,139.2,9195.2,384.4,0.0,2887.6
malecns_ge5,0.152,PVLP069_R,0.1,5,1.0,70.4,140.8,7532.2,15.2,30.4,315.0,2.2,4.4,95.0,48.6,97.2,9205.2,24.2,48.4,9651.4,0.0,0.0,2474.0,0.0,0.0,2468.4,52.0,104.0,7741.0,62.2,124.4,8689.6,387.79999999999995,0.0,2805.4
malecns_ge5,0.152,PVLP069_R,0.1,4,1.0,55.8,111.6,8333.0,14.4,28.8,373.0,0.0,0.0,72.4,37.0,74.0,9420.2,25.2,50.4,9718.0,0.0,0.0,2437.8,0.0,0.0,2420.6,38.800000000000004,77.2,9192.4,46.8,93.6,9038.2,379.20000000000005,0.0,2782.0
malecns_ge5,0.152,PVLP069_R,0.1,6,1.0,51.6,103.2,8063.0,13.8,27.6,333.2,1.0,2.0,133.0,42.4,84.8,9576.4,34.6,69.2,9879.2,0.0,0.0,2443.0,0.0,0.0,2446.2,44.8,89.6,8896.6,48.4,96.8,9062.4,385.8,0.0,2744.6
malecns_ge5,0.152,PVLP069_R,0.1,10,1.0,68.2,136.4,2214.0,20.0,40.0,366.0,0.8,1.6,81.8,51.4,101.6,6273.6,16.2,32.4,4245.2,0.0,0.0,2530.0,0.0,0.0,2490.8,61.800000000000004,120.4,6298.6,60.0,119.2,6272.4,393.6,0.0,2805.4
malecns_ge5,0.152,PVLP069_R,0.1,7,1.0,72.2,144.4,8416.0,11.8,23.6,214.4,0.0,0.0,85.6,54.2,108.4,9373.6,36.4,72.8,9719.6,1.4,2.8,3801.8,0.0,0.0,2441.8,62.6,125.2,9216.0,66.6,133.2,9124.6,385.2,0.0,2809.0
malecns_ge5,0.152,PVLP069_R,0.1,8,1.0,59.8,119.6,8219.8,25.8,51.6,8096.4,1.0,2.0,80.8,42.2,84.4,9450.2,25.0,50.0,8389.2,15.0,30.0,7999.0,0.0,0.0,2457.6,52.4,102.8,9216.6,56.400000000000006,112.4,9121.2,381.0,0.0,2800.2
malecns_ge5,0.152,PVLP069_both,0.1,1,1.0,70.0,136.8,6806.6,11.6,23.2,258.6,0.0,0.0,74.0,57.2,112.4,9550.4,43.0,85.6,9832.4,0.0,0.0,2338.2,0.0,0.0,2301.8,63.4,123.2,9183.8,67.2,131.6,9300.6,383.6,0.0,2658.6
malecns_ge5,0.152,PVLP069_both,0.1,2,1.0,72.6,141.6,8779.8,30.400000000000002,59.2,561.0,2.8,5.6,105.6,73.0,137.6,9769.8,40.8,80.8,10071.6,18.599999999999998,34.4,2651.4,0.0,0.0,2451.8,71.2,134.4,9498.8,75.6,144.0,9422.4,383.4,0.0,2843.8
malecns_ge5,0.152,PVLP069_both,0.1,10,1.0,68.2,136.4,2214.0,20.0,40.0,366.0,0.8,1.6,81.8,57.4,114.0,4882.0,18.0,36.0,2960.4,0.0,0.0,2448.4,0.0,0.0,2430.2,60.2,118.0,6210.6,58.6,116.0,4875.8,392.4,0.0,2796.4
malecns_ge5,0.152,PVLP069_both,0.1,4,1.0,55.8,111.6,8333.0,14.4,28.8,373.0,0.0,0.0,72.4,35.4,70.8,9409.0,25.6,51.2,9713.6,0.0,0.0,2439.4,0.0,0.0,2400.8,41.400000000000006,82.4,9184.8,44.6,89.2,8998.6,378.2,0.0,2730.8
malecns_ge5,0.152,PVLP069_both,0.1,9,1.0,79.2,158.4,5668.0,26.4,52.8,461.4,1.8,3.6,73.2,63.4,126.8,5517.4,26.8,53.6,5952.2,0.2,0.4,2439.8,0.0,0.0,2445.6,73.2,146.4,8937.6,78.8,157.6,7049.4,375.2,0.0,2761.8
malecns_ge5,0.152,PVLP069_both,0.1,3,1.0,77.0,154.0,8445.6,18.8,37.6,356.6,2.0,4.0,156.0,61.0,122.0,9524.6,38.8,77.6,9861.2,5.8,11.6,5002.4,0.0,0.0,2549.8,65.4,130.0,9242.6,73.60000000000001,146.8,9213.6,383.6,0.0,2901.6
malecns_ge5,0.152,PVLP069_both,0.1,5,1.0,70.4,140.8,7532.2,15.2,30.4,315.0,2.2,4.4,95.0,42.8,85.6,9267.0,21.0,42.0,9559.2,0.0,0.0,2449.8,0.0,0.0,2463.8,58.8,117.6,6221.4,65.2,130.0,8585.6,387.20000000000005,0.0,2829.6
malecns_ge5,0.152,PVLP069_both,0.1,6,1.0,51.6,103.2,8063.0,13.8,27.6,333.2,1.0,2.0,133.0,39.6,79.2,9485.2,33.4,66.8,9879.6,0.0,0.0,2409.8,0.0,0.0,2420.0,43.4,86.8,8853.6,47.0,94.0,8973.0,385.20000000000005,0.0,2752.2
malecns_ge5,0.152,PVLP069_both,0.1,7,1.0,72.2,144.4,8416.0,11.8,23.6,214.4,0.0,0.0,85.6,53.4,106.8,9393.4,36.0,72.0,9649.8,1.6,3.2,3785.8,0.0,0.0,2423.2,61.6,123.2,9205.8,69.0,138.0,9143.4,384.8,0.0,2784.4
malecns_ge5,0.152,PVLP069_both,0.1,8,1.0,59.8,119.6,8219.8,25.8,51.6,8096.4,1.0,2.0,80.8,43.2,86.4,9401.4,25.6,51.2,8335.2,18.0,36.0,9347.2,0.0,0.0,2467.8,50.199999999999996,98.8,9134.2,55.6,110.8,9067.0,380.79999999999995,0.0,2798.2
malecns_ge5,0.275,intact,0.2,3,0.5,156.60000000000002,263.6,16293.6,124.6,215.2,16472.8,118.2,192.4,11612.8,145.8,244.0,17090.4,124.0,212.4,17606.8,107.39999999999999,183.2,16001.8,101.0,159.6,11329.6,153.4,256.0,16690.2,148.79999999999998,247.2,16765.2,406.6,0.0,17940.2
malecns_ge5,0.275,intact,0.2,1,0.5,150.20000000000002,250.8,16613.8,126.0,212.4,16645.4,92.2,160.0,16843.4,138.20000000000002,230.8,17168.0,114.2,194.4,17503.4,89.4,152.4,15845.8,36.8,66.8,17470.8,150.79999999999998,247.2,17101.6,156.0,254.4,17230.8,406.6,0.0,17952.0
malecns_ge5,0.275,intact,0.2,2,0.5,150.0,248.4,16556.6,94.2,158.8,16749.2,95.8,158.0,16681.4,122.0,205.2,17489.6,109.4,188.8,17506.0,81.8,144.4,17781.0,21.4,40.4,17440.0,138.6,231.2,17073.4,145.2,239.6,17022.8,406.4,0.0,17949.8
malecns_ge5,0.275,intact,0.2,4,0.5,138.20000000000002,232.8,16437.4,77.4,132.0,16483.4,61.2,99.2,15008.6,104.8,182.4,17527.8,79.6,145.6,17490.0,86.8,148.4,16141.2,24.0,39.6,11742.2,124.39999999999999,211.2,17060.4,120.6,205.2,16781.0,407.2,0.0,17852.6
malecns_ge5,0.275,intact,0.2,5,0.5,137.6,236.8,16440.4,93.6,166.0,16726.6,92.0,156.8,15103.0,128.2,219.6,17380.8,89.39999999999999,161.2,17415.0,69.2,124.4,15911.8,94.19999999999999,149.2,9752.2,133.79999999999998,229.2,16912.4,141.6,239.6,16992.8,408.4,0.0,17985.6
malecns_ge5,0.275,PVLP069_L,0.2,1,0.5,150.20000000000002,250.8,16613.8,126.0,212.4,16645.4,92.2,160.0,16843.4,133.0,222.4,17016.2,116.2,198.0,17305.2,80.8,139.6,17204.0,47.199999999999996,83.6,17549.6,155.6,254.4,17145.0,154.2,252.4,17276.2,406.20000000000005,0.0,17788.4
malecns_ge5,0.275,PVLP069_L,0.2,4,0.5,138.20000000000002,232.8,16437.4,77.4,132.0,16483.4,61.2,99.2,15008.6,119.0,202.4,15688.0,97.0,169.6,15874.6,109.8,179.6,14510.0,14.0,22.0,11645.6,120.6,205.2,17214.4,120.6,207.2,16716.2,405.79999999999995,0.0,17912.4
malecns_ge5,0.275,PVLP069_L,0.2,3,0.5,156.60000000000002,263.6,16293.6,124.6,215.2,16472.8,118.2,192.4,11612.8,139.6,234.4,16994.4,130.2,222.4,17426.4,95.4,166.4,17454.2,96.8,153.2,11107.2,149.0,251.2,16797.8,152.4,253.2,16790.0,407.0,0.0,17717.2
malecns_ge5,0.275,PVLP069_L,0.2,2,0.5,150.0,248.4,16556.6,94.2,158.8,16749.2,95.8,158.0,16681.4,138.4,228.4,17264.4,98.60000000000001,174.8,17316.0,63.199999999999996,114.8,17429.8,42.2,71.2,15882.0,138.79999999999998,231.2,17067.4,145.8,239.6,17000.4,405.0,0.0,17890.4
malecns_ge5,0.275,PVLP069_L,0.2,5,0.5,137.6,236.8,16440.4,93.6,166.0,16726.6,92.0,156.8,15103.0,133.8,226.8,17332.6,89.4,162.4,17260.6,67.2,120.8,17377.8,89.19999999999999,141.2,11260.0,129.4,220.8,17033.0,140.0,237.6,16984.8,408.6,0.0,17762.0
malecns_ge5,0.275,PVLP069_R,0.2,1,0.5,150.20000000000002,250.8,16613.8,126.0,212.4,16645.4,92.2,160.0,16843.4,141.6,235.6,17076.4,120.2,204.4,17410.6,103.2,172.8,17208.8,51.199999999999996,85.6,15954.4,146.2,242.0,17161.4,153.2,252.0,17310.8,402.4,0.0,17842.8
malecns_ge5,0.275,PVLP069_R,0.2,3,0.5,156.60000000000002,263.6,16293.6,124.6,215.2,16472.8,118.2,192.4,11612.8,144.2,241.2,16973.8,135.6,230.0,17475.4,119.80000000000001,200.4,14788.2,104.4,165.6,13096.4,153.6,256.0,16770.0,156.2,261.2,16866.4,404.4,0.0,17919.8
malecns_ge5,0.275,PVLP069_R,0.2,2,0.5,150.0,248.4,16556.6,94.2,158.8,16749.2,95.8,158.0,16681.4,144.6,237.2,15722.4,105.80000000000001,184.8,17429.4,93.6,159.2,16122.6,29.0,53.2,17432.4,134.4,224.4,17164.0,144.4,238.4,17109.6,402.6,0.0,18017.8
malecns_ge5,0.275,PVLP069_R,0.2,4,0.5,138.20000000000002,232.8,16437.4,77.4,132.0,16483.4,61.2,99.2,15008.6,122.6,208.0,17236.8,84.2,153.6,17411.0,72.39999999999999,129.2,17485.2,9.8,15.2,10891.8,120.6,206.4,17117.4,131.8,224.8,15310.8,402.0,0.0,17897.0
malecns_ge5,0.275,PVLP069_R,0.2,5,0.5,137.6,236.8,16440.4,93.6,166.0,16726.6,92.0,156.8,15103.0,137.6,232.8,15843.4,98.80000000000001,178.8,17297.8,57.8,109.6,17366.4,18.2,32.4,15052.2,135.4,228.8,16895.0,139.4,237.6,17057.4,404.8,0.0,17899.4
malecns_ge5,0.275,PVLP069_both,0.2,2,0.5,150.0,248.4,16556.6,94.2,158.8,16749.2,95.8,158.0,16681.4,135.6,225.2,17170.6,118.2,200.4,17364.6,67.0,123.6,17308.6,39.4,69.6,17591.6,144.8,239.6,16990.0,141.79999999999998,235.2,17070.6,402.8,0.0,17870.6
malecns_ge5,0.275,PVLP069_both,0.2,1,0.5,150.20000000000002,250.8,16613.8,126.0,212.4,16645.4,92.2,160.0,16843.4,145.20000000000002,240.8,16968.0,128.0,214.8,17218.2,73.6,133.6,17216.0,34.800000000000004,63.2,17431.6,153.4,252.8,17062.2,148.8,244.8,17303.6,401.8,0.0,17755.4
malecns_ge5,0.275,PVLP069_both,0.2,3,0.5,156.60000000000002,263.6,16293.6,124.6,215.2,16472.8,118.2,192.4,11612.8,153.8,256.0,16830.8,127.60000000000001,216.8,17453.0,104.8,180.4,15754.8,116.2,184.4,11562.2,145.0,243.2,16819.4,155.0,257.6,16846.6,403.2,0.0,17802.2
malecns_ge5,0.275,PVLP069_both,0.2,4,0.5,138.20000000000002,232.8,16437.4,77.4,132.0,16483.4,61.2,99.2,15008.6,121.6,206.0,15634.8,81.2,148.4,17196.8,111.0,180.8,14544.6,24.6,39.6,15792.6,121.0,204.8,17052.8,133.8,222.4,15282.0,400.6,0.0,17827.2
malecns_ge5,0.275,PVLP069_both,0.2,5,0.5,137.6,236.8,16440.4,93.6,166.0,16726.6,92.0,156.8,15103.0,135.2,231.2,17252.6,89.0,161.6,17228.0,53.800000000000004,103.2,17276.4,9.6,19.2,17323.0,136.8,232.8,17051.2,138.4,236.0,16972.0,404.2,0.0,17842.2
