graph,mode,frac,mask,syn_lost
malecns_ge5,A,0.0,0,0.0
malecns_ge5,A,0.01,0,0.01961102845530888
malecns_ge5,A,0.02,0,0.03843183319098095
malecns_ge5,A,0.05,0,0.09694491963033158
malecns_ge5,A,0.1,0,0.18633750128759058
malecns_ge5,A,0.15,0,0.2724653004159039
malecns_ge5,A,0.2,0,0.3563743259046085
malecns_ge5,A,0.3,0,0.5031334630558209
malecns_ge5,A,0.4,0,0.6339861104150535
malecns_ge5,A,0.5,0,0.7481849945957136
malecns_ge5,A,0.7,0,0.9064583314736195
malecns_ge5,A,0.85,0,0.9753491946216332
malecns_ge5,A,0.95,0,0.9958717753580343
malecns_ge5,A,0.0,1,0.0
malecns_ge5,A,0.01,1,0.019731933531384072
malecns_ge5,A,0.02,1,0.03865766234220113
malecns_ge5,A,0.05,1,0.09552848362110669
malecns_ge5,A,0.1,1,0.18810895177773088
malecns_ge5,A,0.15,1,0.27076062688362534
malecns_ge5,A,0.2,1,0.35189336022955847
malecns_ge5,A,0.3,1,0.500467288256279
malecns_ge5,A,0.4,1,0.6302543683882161
malecns_ge5,A,0.5,1,0.7405466556573841
malecns_ge5,A,0.7,1,0.9039872385578178
malecns_ge5,A,0.85,1,0.9752721314267709
malecns_ge5,A,0.95,1,0.9959963246372505
malecns_ge5,A,0.0,2,0.0
malecns_ge5,A,0.01,2,0.02011790702246972
malecns_ge5,A,0.02,2,0.03821150934970465
malecns_ge5,A,0.05,2,0.0969148410239783
malecns_ge5,A,0.1,2,0.1873201099577561
malecns_ge5,A,0.15,2,0.2782144153509617
malecns_ge5,A,0.2,2,0.3601439030068699
malecns_ge5,A,0.3,2,0.5112521681476341
malecns_ge5,A,0.4,2,0.6392737154404029
malecns_ge5,A,0.5,2,0.7460734296234331
malecns_ge5,A,0.7,2,0.9081399807744324
malecns_ge5,A,0.85,2,0.9753500081593374
malecns_ge5,A,0.95,2,0.9959356882174031
malecns_ge5,A,0.0,3,0.0
malecns_ge5,A,0.01,3,0.020188027285965447
malecns_ge5,A,0.02,3,0.04060475896599625
malecns_ge5,A,0.05,3,0.09672377110699892
malecns_ge5,A,0.1,3,0.18877590781864453
malecns_ge5,A,0.15,3,0.281068227607032
malecns_ge5,A,0.2,3,0.36389525909342635
malecns_ge5,A,0.3,3,0.5111637711466728
malecns_ge5,A,0.4,3,0.640976962495611
malecns_ge5,A,0.5,3,0.7497656872107337
malecns_ge5,A,0.7,3,0.9066669648895292
malecns_ge5,A,0.85,3,0.9749032422274747
malecns_ge5,A,0.95,3,0.995981692102926
malecns_ge5,A,0.0,4,0.0
malecns_ge5,A,0.01,4,0.01990265386140489
malecns_ge5,A,0.02,4,0.03918540313651772
malecns_ge5,A,0.05,4,0.09949935001123518
malecns_ge5,A,0.1,4,0.19269189941896803
malecns_ge5,A,0.15,4,0.282265565653713
malecns_ge5,A,0.2,4,0.3600473483401619
malecns_ge5,A,0.3,4,0.5077772254265392
malecns_ge5,A,0.4,4,0.6383023514215195
malecns_ge5,A,0.5,4,0.7477929697214305
malecns_ge5,A,0.7,4,0.9082871085110298
malecns_ge5,A,0.85,4,0.9757325603343243
malecns_ge5,A,0.95,4,0.9960935925424937
malecns_ge5,A,0.0,5,0.0
malecns_ge5,A,0.01,5,0.02178502408812704
malecns_ge5,A,0.02,5,0.041679854614348526
malecns_ge5,A,0.05,5,0.09896454369767888
malecns_ge5,A,0.1,5,0.18707183608138012
malecns_ge5,A,0.15,5,0.27791718433575274
malecns_ge5,A,0.2,5,0.35766717104889895
malecns_ge5,A,0.3,5,0.5020932269408783
malecns_ge5,A,0.4,5,0.6312041569414085
malecns_ge5,A,0.5,5,0.7433303030725502
malecns_ge5,A,0.7,5,0.9042683882729275
malecns_ge5,A,0.85,5,0.9751801905218378
malecns_ge5,A,0.95,5,0.995915594950543
malecns_ge5,A,0.0,6,0.0
malecns_ge5,A,0.01,6,0.02010583768913122
malecns_ge5,A,0.02,6,0.038303472543342085
malecns_ge5,A,0.05,6,0.09545460771094885
malecns_ge5,A,0.1,6,0.191614463456672
malecns_ge5,A,0.15,6,0.2781465573909449
malecns_ge5,A,0.2,6,0.3599634982348628
malecns_ge5,A,0.3,6,0.5070366386512142
malecns_ge5,A,0.4,6,0.6317592125427544
malecns_ge5,A,0.5,6,0.7467896882780952
malecns_ge5,A,0.7,6,0.9051674588796531
malecns_ge5,A,0.85,6,0.974691555259086
malecns_ge5,A,0.95,6,0.9956151097845172
malecns_ge5,A,0.0,7,0.0
malecns_ge5,A,0.01,7,0.02030586766520953
malecns_ge5,A,0.02,7,0.039239977028815654
malecns_ge5,A,0.05,7,0.09523844071301074
malecns_ge5,A,0.1,7,0.18604330153615645
malecns_ge5,A,0.15,7,0.27235617492001224
malecns_ge5,A,0.2,7,0.3521431051604134
malecns_ge5,A,0.3,7,0.5027673265114965
malecns_ge5,A,0.4,7,0.6279739887701261
malecns_ge5,A,0.5,7,0.7394851561186099
malecns_ge5,A,0.7,7,0.9033982706929918
malecns_ge5,A,0.85,7,0.9748359749181199
malecns_ge5,A,0.95,7,0.9959588127480378
malecns_ge5,A,0.0,8,0.0
malecns_ge5,A,0.01,8,0.019651003246338627
malecns_ge5,A,0.02,8,0.04101363410067436
malecns_ge5,A,0.05,8,0.09740463529934973
malecns_ge5,A,0.1,8,0.18725821422611985
malecns_ge5,A,0.15,8,0.2739393638699057
malecns_ge5,A,0.2,8,0.35450025822021064
malecns_ge5,A,0.3,8,0.5044173481410122
malecns_ge5,A,0.4,8,0.6336867842616473
malecns_ge5,A,0.5,8,0.7415667650724103
malecns_ge5,A,0.7,8,0.9051953420486402
malecns_ge5,A,0.85,8,0.9750409195534802
malecns_ge5,A,0.95,8,0.9958773363897387
malecns_ge5,A,0.0,9,0.0
malecns_ge5,A,0.01,9,0.01812743658025035
malecns_ge5,A,0.02,9,0.036280293427670716
malecns_ge5,A,0.05,9,0.09975213735021699
malecns_ge5,A,0.1,9,0.1898014779662061
malecns_ge5,A,0.15,9,0.27787450146715953
malecns_ge5,A,0.2,9,0.36103006845384855
malecns_ge5,A,0.3,9,0.5113260774908482
malecns_ge5,A,0.4,9,0.639372053203449
malecns_ge5,A,0.5,9,0.7467385579906002
malecns_ge5,A,0.7,9,0.9065966774607518
malecns_ge5,A,0.85,9,0.9752333267927131
malecns_ge5,A,0.95,9,0.9959177792435573
malecns_ge5,A,0.0,10,0.0
malecns_ge5,A,0.01,10,0.01974786995490583
malecns_ge5,A,0.02,10,0.04204713902694048
malecns_ge5,A,0.05,10,0.09651195040638492
malecns_ge5,A,0.1,10,0.1887876985431802
malecns_ge5,A,0.15,10,0.27414258113068835
malecns_ge5,A,0.2,10,0.3577251328242393
malecns_ge5,A,0.3,10,0.5054594007853492
malecns_ge5,A,0.4,10,0.6294174721219296
malecns_ge5,A,0.5,10,0.7412814473696103
malecns_ge5,A,0.7,10,0.9050671708549872
malecns_ge5,A,0.85,10,0.9752173680804871
malecns_ge5,A,0.95,10,0.995748786288114
malecns_ge5,A,0.0,11,0.0
malecns_ge5,A,0.01,11,0.018541282095970904
malecns_ge5,A,0.02,11,0.03883112418284177
malecns_ge5,A,0.05,11,0.09590840572899492
malecns_ge5,A,0.1,11,0.1859669627241816
malecns_ge5,A,0.15,11,0.27289581788238565
malecns_ge5,A,0.2,11,0.3538004263405633
malecns_ge5,A,0.3,11,0.5050490211631358
malecns_ge5,A,0.4,11,0.6364890538891944
malecns_ge5,A,0.5,11,0.7445741576449514
malecns_ge5,A,0.7,11,0.9062631270020063
malecns_ge5,A,0.85,11,0.9751998937363737
malecns_ge5,A,0.95,11,0.9960580086261966
malecns_ge5,A,0.0,12,0.0
malecns_ge5,A,0.01,12,0.019968706436379328
malecns_ge5,A,0.02,12,0.04148293391250977
malecns_ge5,A,0.05,12,0.10141702554545168
malecns_ge5,A,0.1,12,0.1948224097898408
malecns_ge5,A,0.15,12,0.2811592212420356
malecns_ge5,A,0.2,12,0.36430550498341435
malecns_ge5,A,0.3,12,0.5120791459405399
malecns_ge5,A,0.4,12,0.6410608683226706
malecns_ge5,A,0.5,12,0.7491449245093289
malecns_ge5,A,0.7,12,0.909562991951404
malecns_ge5,A,0.85,12,0.9747812561492445
malecns_ge5,A,0.95,12,0.9960280303190123
malecns_ge5,A,0.0,13,0.0
malecns_ge5,A,0.01,13,0.019169667534221047
malecns_ge5,A,0.02,13,0.040020170831550655
malecns_ge5,A,0.05,13,0.09820847741726876
malecns_ge5,A,0.1,13,0.18934078159420203
malecns_ge5,A,0.15,13,0.2779880958482485
malecns_ge5,A,0.2,13,0.36200409597288696
malecns_ge5,A,0.3,13,0.5083318018207442
malecns_ge5,A,0.4,13,0.6327296292917081
malecns_ge5,A,0.5,13,0.7439599589669413
malecns_ge5,A,0.7,13,0.9058674022028216
malecns_ge5,A,0.85,13,0.9750359937498462
malecns_ge5,A,0.95,13,0.9958958471585987
malecns_ge5,A,0.0,14,0.0
malecns_ge5,A,0.01,14,0.019627399508563046
malecns_ge5,A,0.02,14,0.03859120857055062
malecns_ge5,A,0.05,14,0.09778856937399867
malecns_ge5,A,0.1,14,0.19311562997501291
malecns_ge5,A,0.15,14,0.2761125682537238
malecns_ge5,A,0.2,14,0.35971727491927563
malecns_ge5,A,0.3,14,0.5087973459859175
malecns_ge5,A,0.4,14,0.6338908819262469
malecns_ge5,A,0.5,14,0.744062286408044
malecns_ge5,A,0.7,14,0.9041378433322745
malecns_ge5,A,0.85,14,0.9743600330724251
malecns_ge5,A,0.95,14,0.9956546610901666
malecns_ge5,A,0.0,15,0.0
malecns_ge5,A,0.01,15,0.018545472372365434
malecns_ge5,A,0.02,15,0.03974219725679321
malecns_ge5,A,0.05,15,0.09598397558067395
malecns_ge5,A,0.1,15,0.18724223322518965
malecns_ge5,A,0.15,15,0.27773339168070327
malecns_ge5,A,0.2,15,0.3603424284954129
malecns_ge5,A,0.3,15,0.5056263320356515
malecns_ge5,A,0.4,15,0.6338388378018787
malecns_ge5,A,0.5,15,0.7410469702011503
malecns_ge5,A,0.7,15,0.903333265687116
malecns_ge5,A,0.85,15,0.9733632933637801
malecns_ge5,A,0.95,15,0.9958372501551879
malecns_ge5,A,0.0,16,0.0
malecns_ge5,A,0.01,16,0.020569264427403023
malecns_ge5,A,0.02,16,0.03807929275623465
malecns_ge5,A,0.05,16,0.09398695225941207
malecns_ge5,A,0.1,16,0.18745924719388835
malecns_ge5,A,0.15,16,0.27390940785142565
malecns_ge5,A,0.2,16,0.35187761326002265
malecns_ge5,A,0.3,16,0.5021383727112886
malecns_ge5,A,0.4,16,0.632555131026321
malecns_ge5,A,0.5,16,0.7410441061026573
malecns_ge5,A,0.7,16,0.9067052903164462
malecns_ge5,A,0.85,16,0.9752527513984462
malecns_ge5,A,0.95,16,0.9962283723369498
malecns_ge5,A,0.0,17,0.0
malecns_ge5,A,0.01,17,0.019483002138233407
malecns_ge5,A,0.02,17,0.040570412072783626
malecns_ge5,A,0.05,17,0.09703536719208164
malecns_ge5,A,0.1,17,0.18952586699409665
malecns_ge5,A,0.15,17,0.27737267129150595
malecns_ge5,A,0.2,17,0.3585719475639065
malecns_ge5,A,0.3,17,0.5082458231441915
malecns_ge5,A,0.4,17,0.6368809338869
malecns_ge5,A,0.5,17,0.7455016463495655
malecns_ge5,A,0.7,17,0.9070564934289389
malecns_ge5,A,0.85,17,0.9750514843992834
malecns_ge5,A,0.95,17,0.995985525760053
malecns_ge5,A,0.0,18,0.0
malecns_ge5,A,0.01,18,0.017711183884473368
malecns_ge5,A,0.02,18,0.03775365478748941
malecns_ge5,A,0.05,18,0.09535281519874765
malecns_ge5,A,0.1,18,0.19046321845033082
malecns_ge5,A,0.15,18,0.27705687378567656
malecns_ge5,A,0.2,18,0.3588478817222272
malecns_ge5,A,0.3,18,0.5086257452520797
malecns_ge5,A,0.4,18,0.6334369167429191
malecns_ge5,A,0.5,18,0.7409740861383305
malecns_ge5,A,0.7,18,0.9051969579796966
malecns_ge5,A,0.85,18,0.9742661976276327
malecns_ge5,A,0.95,18,0.9958869873986688
malecns_ge5,A,0.0,19,0.0
malecns_ge5,A,0.01,19,0.02029703019398383
malecns_ge5,A,0.02,19,0.0402083320726285
malecns_ge5,A,0.05,19,0.09715252776584682
malecns_ge5,A,0.1,19,0.18825328228194785
malecns_ge5,A,0.15,19,0.27715253690421554
malecns_ge5,A,0.2,19,0.36025749738795887
malecns_ge5,A,0.3,19,0.5106925099288655
malecns_ge5,A,0.4,19,0.6353383326674026
malecns_ge5,A,0.5,19,0.7450859062939857
malecns_ge5,A,0.7,19,0.9074379423130666
malecns_ge5,A,0.85,19,0.9752993905120396
malecns_ge5,A,0.95,19,0.996113128591748
malecns_ge5,A,0.0,20,0.0
malecns_ge5,A,0.01,20,0.02024312496281269
malecns_ge5,A,0.02,20,0.03961233212161907
malecns_ge5,A,0.05,20,0.09971397908858168
malecns_ge5,A,0.1,20,0.1919312193767831
malecns_ge5,A,0.15,20,0.2790793508071648
malecns_ge5,A,0.2,20,0.36172752658649576
malecns_ge5,A,0.3,20,0.5093904929827859
malecns_ge5,A,0.4,20,0.6382273945092067
malecns_ge5,A,0.5,20,0.7445315750755273
malecns_ge5,A,0.7,20,0.9048957149977269
malecns_ge5,A,0.85,20,0.9743962967942011
malecns_ge5,A,0.95,20,0.9960097201484904
malecns_ge5,A,0.0,21,0.0
malecns_ge5,A,0.01,21,0.020586092399093828
malecns_ge5,A,0.02,21,0.039445902367161806
malecns_ge5,A,0.05,21,0.0996027695988449
malecns_ge5,A,0.1,21,0.19274706396192795
malecns_ge5,A,0.15,21,0.2811474193731478
malecns_ge5,A,0.2,21,0.36031184839321456
malecns_ge5,A,0.3,21,0.5082184303266974
malecns_ge5,A,0.4,21,0.6395039466107078
malecns_ge5,A,0.5,21,0.7485350721286429
malecns_ge5,A,0.7,21,0.90715058519383
malecns_ge5,A,0.85,21,0.9756473394737153
malecns_ge5,A,0.95,21,0.9957822527775096
malecns_ge5,A,0.0,22,0.0
malecns_ge5,A,0.01,22,0.01903801930270881
malecns_ge5,A,0.02,22,0.040214138280079435
malecns_ge5,A,0.05,22,0.09887358349573162
malecns_ge5,A,0.1,22,0.18766265390865694
malecns_ge5,A,0.15,22,0.2715455124586
malecns_ge5,A,0.2,22,0.3520215648562678
malecns_ge5,A,0.3,22,0.5000665596429956
malecns_ge5,A,0.4,22,0.6322680970932956
malecns_ge5,A,0.5,22,0.7462973865234983
malecns_ge5,A,0.7,22,0.9042184615754608
malecns_ge5,A,0.85,22,0.9747242416438339
malecns_ge5,A,0.95,22,0.9960509208182526
malecns_ge5,A,0.0,23,0.0
malecns_ge5,A,0.01,23,0.019039579512004644
malecns_ge5,A,0.02,23,0.037153910334169975
malecns_ge5,A,0.05,23,0.0920082948304326
malecns_ge5,A,0.1,23,0.18733644757795392
malecns_ge5,A,0.15,23,0.2758380940055299
malecns_ge5,A,0.2,23,0.36046434770753044
malecns_ge5,A,0.3,23,0.5072723082653503
malecns_ge5,A,0.4,23,0.642303664181621
malecns_ge5,A,0.5,23,0.7488985451728122
malecns_ge5,A,0.7,23,0.9058980268824285
malecns_ge5,A,0.85,23,0.9750648019000585
malecns_ge5,A,0.95,23,0.9958831983189502
malecns_ge5,A,0.0,24,0.0
malecns_ge5,A,0.01,24,0.01821052886960574
malecns_ge5,A,0.02,24,0.03908337659292215
malecns_ge5,A,0.05,24,0.09575813528510167
malecns_ge5,A,0.1,24,0.18643436799615778
malecns_ge5,A,0.15,24,0.27420662772228244
malecns_ge5,A,0.2,24,0.35626050863647724
malecns_ge5,A,0.3,24,0.5091755518635803
malecns_ge5,A,0.4,24,0.6377560218478783
malecns_ge5,A,0.5,24,0.7461738513803244
malecns_ge5,A,0.7,24,0.9069666253734988
malecns_ge5,A,0.85,24,0.9756167482271648
malecns_ge5,A,0.95,24,0.9956721800116884
malecns_ge5,A,0.0,25,0.0
malecns_ge5,A,0.01,25,0.020870217656217712
malecns_ge5,A,0.02,25,0.03911047965726125
malecns_ge5,A,0.05,25,0.09864933684251151
malecns_ge5,A,0.1,25,0.19134323221494298
malecns_ge5,A,0.15,25,0.27725077436809265
malecns_ge5,A,0.2,25,0.3596139444864828
malecns_ge5,A,0.3,25,0.5092321317392586
malecns_ge5,A,0.4,25,0.6380794309462009
malecns_ge5,A,0.5,25,0.7445956216671213
malecns_ge5,A,0.7,25,0.9059385366023597
malecns_ge5,A,0.85,25,0.9751724674858233
malecns_ge5,A,0.95,25,0.9958814820887248
malecns_ge5,A,0.0,26,0.0
malecns_ge5,A,0.01,26,0.018126400155503833
malecns_ge5,A,0.02,26,0.04038514836325519
malecns_ge5,A,0.05,26,0.09829340852472282
malecns_ge5,A,0.1,26,0.1915401083393733
malecns_ge5,A,0.15,26,0.27859531816183586
malecns_ge5,A,0.2,26,0.3577729978165651
malecns_ge5,A,0.3,26,0.5058013095081796
malecns_ge5,A,0.4,26,0.6322629595469714
malecns_ge5,A,0.5,26,0.7431295041361762
malecns_ge5,A,0.7,26,0.9064279631141113
malecns_ge5,A,0.85,26,0.974869084788248
malecns_ge5,A,0.95,26,0.9961997759294275
malecns_ge5,A,0.0,27,0.0
malecns_ge5,A,0.01,27,0.019259502156604873
malecns_ge5,A,0.02,27,0.03773550063789714
malecns_ge5,A,0.05,27,0.09318991934063416
malecns_ge5,A,0.1,27,0.18215530454834108
malecns_ge5,A,0.15,27,0.2687482466451516
malecns_ge5,A,0.2,27,0.3504398023834448
malecns_ge5,A,0.3,27,0.502730527860819
malecns_ge5,A,0.4,27,0.6296808800284751
malecns_ge5,A,0.5,27,0.7414991745768442
malecns_ge5,A,0.7,27,0.9043259599959439
malecns_ge5,A,0.85,27,0.9748712690812622
malecns_ge5,A,0.95,27,0.995940112525192
malecns_ge5,A,0.0,28,0.0
malecns_ge5,A,0.01,28,0.019600307588576064
malecns_ge5,A,0.02,28,0.0387973233628827
malecns_ge5,A,0.05,28,0.09917026843768699
malecns_ge5,A,0.1,28,0.18978330152790962
malecns_ge5,A,0.15,28,0.27827897458275297
malecns_ge5,A,0.2,28,0.3612828112154219
malecns_ge5,A,0.3,28,0.5105610177182829
malecns_ge5,A,0.4,28,0.6362947855431587
malecns_ge5,A,0.5,28,0.7468190313572091
malecns_ge5,A,0.7,28,0.9066986148495305
malecns_ge5,A,0.85,28,0.9758014101416792
malecns_ge5,A,0.95,28,0.9961255768330585
malecns_ge5,A,0.0,29,0.0
malecns_ge5,A,0.01,29,0.019793138313189303
malecns_ge5,A,0.02,29,0.036853893230932785
malecns_ge5,A,0.05,29,0.09475850918925942
malecns_ge5,A,0.1,29,0.18750587516312964
malecns_ge5,A,0.15,29,0.2829350626069085
malecns_ge5,A,0.2,29,0.362817789698074
malecns_ge5,A,0.3,29,0.5112170411497735
malecns_ge5,A,0.4,29,0.636533241245323
malecns_ge5,A,0.5,29,0.7451723641776793
malecns_ge5,A,0.7,29,0.9054741514498061
malecns_ge5,A,0.85,29,0.9742528355494491
malecns_ge5,A,0.95,29,0.9957605547239454
malecns_ge5,A,0.0,30,0.0
malecns_ge5,A,0.01,30,0.01763088882749837
malecns_ge5,A,0.02,30,0.037945337643835
malecns_ge5,A,0.05,30,0.09478240268018993
malecns_ge5,A,0.1,30,0.18859899122884882
malecns_ge5,A,0.15,30,0.2770159071473088
malecns_ge5,A,0.2,30,0.35721609225276846
malecns_ge5,A,0.3,30,0.5089062485947669
malecns_ge5,A,0.4,30,0.6426384628078032
malecns_ge5,A,0.5,30,0.7512004111017763
malecns_ge5,A,0.7,30,0.9078744108635769
malecns_ge5,A,0.85,30,0.9759919228410529
malecns_ge5,A,0.95,30,0.9960693201435914
malecns_ge5,A,0.0,31,0.0
malecns_ge5,A,0.01,31,0.01859578912215615
malecns_ge5,A,0.02,31,0.03946061291195112
malecns_ge5,A,0.05,31,0.09534996224460669
malecns_ge5,A,0.1,31,0.1889218542539179
malecns_ge5,A,0.15,31,0.2773279267177718
malecns_ge5,A,0.2,31,0.3556383306023541
malecns_ge5,A,0.3,31,0.5061792144883354
malecns_ge5,A,0.4,31,0.6337026761077605
malecns_ge5,A,0.5,31,0.7420247533668508
malecns_ge5,A,0.7,31,0.9065085479242413
malecns_ge5,A,0.85,31,0.9749056716962353
malecns_ge5,A,0.95,31,0.9960602374966192
malecns_ge5,A,0.0,32,0.0
malecns_ge5,A,0.01,32,0.019591592705223607
malecns_ge5,A,0.02,32,0.038186757743661426
malecns_ge5,A,0.05,32,0.09676248658623988
malecns_ge5,A,0.1,32,0.18401400417117497
malecns_ge5,A,0.15,32,0.2710392022533969
malecns_ge5,A,0.2,32,0.3532938263822053
malecns_ge5,A,0.3,32,0.5006019788959181
malecns_ge5,A,0.4,32,0.631442133436432
malecns_ge5,A,0.5,32,0.7388154808557806
malecns_ge5,A,0.7,32,0.9023026025706388
malecns_ge5,A,0.85,32,0.9744401832528227
malecns_ge5,A,0.95,32,0.9959061111068949
malecns_ge5,A,0.0,33,0.0
malecns_ge5,A,0.01,33,0.01751429661569095
malecns_ge5,A,0.02,33,0.03488853101402426
malecns_ge5,A,0.05,33,0.0950347331007351
malecns_ge5,A,0.1,33,0.19055284133002448
malecns_ge5,A,0.15,33,0.276326183195028
malecns_ge5,A,0.2,33,0.35878790281915446
malecns_ge5,A,0.3,33,0.5072524936072932
malecns_ge5,A,0.4,33,0.6408059524124352
malecns_ge5,A,0.5,33,0.750975462354373
malecns_ge5,A,0.7,33,0.9096219678627866
malecns_ge5,A,0.85,33,0.9750145854494369
malecns_ge5,A,0.95,33,0.996014601374716
malecns_ge5,A,0.0,34,0.0
malecns_ge5,A,0.01,34,0.01915555878444584
malecns_ge5,A,0.02,34,0.03797055731266698
malecns_ge5,A,0.05,34,0.0959476449927852
malecns_ge5,A,0.1,34,0.18849367710137988
malecns_ge5,A,0.15,34,0.2780304332419262
malecns_ge5,A,0.2,34,0.359507170448887
malecns_ge5,A,0.3,34,0.506023316146625
malecns_ge5,A,0.4,34,0.6352978229474714
malecns_ge5,A,0.5,34,0.7455686127614132
malecns_ge5,A,0.7,34,0.9041032958407238
malecns_ge5,A,0.85,34,0.9749464377362651
malecns_ge5,A,0.95,34,0.9959388643577552
malecns_ge5,A,0.0,35,0.0
malecns_ge5,A,0.01,35,0.01899230517034081
malecns_ge5,A,0.02,35,0.0374222663330538
malecns_ge5,A,0.05,35,0.09380154367330618
malecns_ge5,A,0.1,35,0.18816840689625436
malecns_ge5,A,0.15,35,0.27752640762890635
malecns_ge5,A,0.2,35,0.3602857148875093
malecns_ge5,A,0.3,35,0.5092728866349362
malecns_ge5,A,0.4,35,0.636602213640551
malecns_ge5,A,0.5,35,0.7432355760795888
malecns_ge5,A,0.7,35,0.9054075305128739
malecns_ge5,A,0.85,35,0.9743177402561558
malecns_ge5,A,0.95,35,0.9958520275660899
malecns_ge5,A,0.0,36,0.0
malecns_ge5,A,0.01,36,0.01989996807254563
malecns_ge5,A,0.02,36,0.03892942851283157
malecns_ge5,A,0.05,36,0.09776557857558932
malecns_ge5,A,0.1,36,0.18608636331272152
malecns_ge5,A,0.15,36,0.27375911511882817
malecns_ge5,A,0.2,36,0.3549976417993711
malecns_ge5,A,0.3,36,0.506294458233537
malecns_ge5,A,0.4,36,0.6389975583950399
malecns_ge5,A,0.5,36,0.7489538657367016
malecns_ge5,A,0.7,36,0.9057541755853523
malecns_ge5,A,0.85,36,0.9753087071904062
malecns_ge5,A,0.95,36,0.9958614668323297
malecns_ge5,A,0.0,37,0.0
malecns_ge5,A,0.01,37,0.020162941349358823
malecns_ge5,A,0.02,37,0.03869252187561095
malecns_ge5,A,0.05,37,0.09637825161408388
malecns_ge5,A,0.1,37,0.18761633798127483
malecns_ge5,A,0.15,37,0.27476159416881135
malecns_ge5,A,0.2,37,0.35810408537349364
malecns_ge5,A,0.3,37,0.5063113084939321
malecns_ge5,A,0.4,37,0.6366982333783576
malecns_ge5,A,0.5,37,0.7467385245575439
malecns_ge5,A,0.7,37,0.9057855135034945
malecns_ge5,A,0.85,37,0.9752354330752625
malecns_ge5,A,0.95,37,0.9958322909184976
malecns_ge5,A,0.0,38,0.0
malecns_ge5,A,0.01,38,0.018650697345017474
malecns_ge5,A,0.02,38,0.039971782054675505
malecns_ge5,A,0.05,38,0.099083275625092
malecns_ge5,A,0.1,38,0.19106761009848142
malecns_ge5,A,0.15,38,0.27981854453847566
malecns_ge5,A,0.2,38,0.3589311411768643
malecns_ge5,A,0.3,38,0.5099709688513018
malecns_ge5,A,0.4,38,0.6368836419644636
malecns_ge5,A,0.5,38,0.7485769860369403
malecns_ge5,A,0.7,38,0.9063719404560387
malecns_ge5,A,0.85,38,0.9741071900116828
malecns_ge5,A,0.95,38,0.9955805288599101
malecns_ge5,A,0.0,39,0.0
malecns_ge5,A,0.01,39,0.02021301292340305
malecns_ge5,A,0.02,39,0.03997498048373197
malecns_ge5,A,0.05,39,0.09966045276538238
malecns_ge5,A,0.1,39,0.19040299437151154
malecns_ge5,A,0.15,39,0.2771085055690166
malecns_ge5,A,0.2,39,0.3602401121986624
malecns_ge5,A,0.3,39,0.5099269375161029
malecns_ge5,A,0.4,39,0.6401770097565794
malecns_ge5,A,0.5,39,0.7485657636743624
malecns_ge5,A,0.7,39,0.9071818896789158
malecns_ge5,A,0.85,39,0.9752198644153605
malecns_ge5,A,0.95,39,0.9956776295998717
malecns_ge5,B,0.0,0,0.0
malecns_ge5,B,0.01,0,0.023489619609940768
malecns_ge5,B,0.02,0,0.04236389494705157
malecns_ge5,B,0.05,0,0.10175923516578912
malecns_ge5,B,0.1,0,0.19248713309324164
malecns_ge5,B,0.15,0,0.27777229661393016
malecns_ge5,B,0.2,0,0.3603004254322986
malecns_ge5,B,0.3,0,0.5094017822114766
malecns_ge5,B,0.4,0,0.6394674042801288
malecns_ge5,B,0.5,0,0.7534725773323588
malecns_ge5,B,0.7,0,0.9108607183219201
malecns_ge5,B,0.85,0,0.9769016474483986
malecns_ge5,B,0.95,0,0.9971741266346773
malecns_ge5,B,0.0,1,0.0
malecns_ge5,B,0.01,1,0.019335762958114924
malecns_ge5,B,0.02,1,0.03975141363599076
malecns_ge5,B,0.05,1,0.09869083840978075
malecns_ge5,B,0.1,1,0.19010551818055613
malecns_ge5,B,0.15,1,0.27969838613399206
malecns_ge5,B,0.2,1,0.3589546000380624
malecns_ge5,B,0.3,1,0.5099273944345395
malecns_ge5,B,0.4,1,0.642742272447737
malecns_ge5,B,0.5,1,0.7504592002427329
malecns_ge5,B,0.7,1,0.9088262165445017
malecns_ge5,B,0.85,1,0.977650146713724
malecns_ge5,B,0.95,1,0.9973267373925142
malecns_ge5,B,0.0,2,0.0
malecns_ge5,B,0.01,2,0.01939398105355384
malecns_ge5,B,0.02,2,0.03819400157253495
malecns_ge5,B,0.05,2,0.09720184152394735
malecns_ge5,B,0.1,2,0.19136114118878877
malecns_ge5,B,0.15,2,0.280182218180983
malecns_ge5,B,0.2,2,0.3631533461401999
malecns_ge5,B,0.3,2,0.5101807724241834
malecns_ge5,B,0.4,2,0.6402401536556523
malecns_ge5,B,0.5,2,0.7468480178170552
malecns_ge5,B,0.7,2,0.9087888718205707
malecns_ge5,B,0.85,2,0.9765741929502589
malecns_ge5,B,0.95,2,0.9972583779366524
malecns_ge5,B,0.0,3,0.0
malecns_ge5,B,0.01,3,0.01936786983655281
malecns_ge5,B,0.02,3,0.04062962201556061
malecns_ge5,B,0.05,3,0.10142669884308586
malecns_ge5,B,0.1,3,0.1909937676213799
malecns_ge5,B,0.15,3,0.2804035227252452
malecns_ge5,B,0.2,3,0.36434414245219054
malecns_ge5,B,0.3,3,0.5167208131730611
malecns_ge5,B,0.4,3,0.6463477155320764
malecns_ge5,B,0.5,3,0.7542698442825311
malecns_ge5,B,0.7,3,0.9124168822179392
malecns_ge5,B,0.85,3,0.9783894407442038
malecns_ge5,B,0.95,3,0.9974940475507884
malecns_ge5,B,0.0,4,0.0
malecns_ge5,B,0.01,4,0.020313356669829544
malecns_ge5,B,0.02,4,0.03963974722781734
malecns_ge5,B,0.05,4,0.09713240106593053
malecns_ge5,B,0.1,4,0.19184851713975165
malecns_ge5,B,0.15,4,0.2787662502345468
malecns_ge5,B,0.2,4,0.3613682326743689
malecns_ge5,B,0.3,4,0.5133695058943091
malecns_ge5,B,0.4,4,0.6433308725489433
malecns_ge5,B,0.5,4,0.754716621358746
malecns_ge5,B,0.7,4,0.9118747874981009
malecns_ge5,B,0.85,4,0.9779223586584389
malecns_ge5,B,0.95,4,0.9974450012571386
malecns_ge5,B,0.0,5,0.0
malecns_ge5,B,0.01,5,0.02087500972762635
malecns_ge5,B,0.02,5,0.041150988240468506
malecns_ge5,B,0.05,5,0.09738703836736311
malecns_ge5,B,0.1,5,0.1870887420635357
malecns_ge5,B,0.15,5,0.2777331019275483
malecns_ge5,B,0.2,5,0.3578687612342731
malecns_ge5,B,0.3,5,0.5076933864655923
malecns_ge5,B,0.4,5,0.6359875691884563
malecns_ge5,B,0.5,5,0.7460592428631931
malecns_ge5,B,0.7,5,0.907249602762355
malecns_ge5,B,0.85,5,0.9773645281134169
malecns_ge5,B,0.95,5,0.997327406053641
malecns_ge5,B,0.0,6,0.0
malecns_ge5,B,0.01,6,0.020931366716262376
malecns_ge5,B,0.02,6,0.04064694033874439
malecns_ge5,B,0.05,6,0.09891723592295869
malecns_ge5,B,0.1,6,0.19077208416914582
malecns_ge5,B,0.15,6,0.2784680608050562
malecns_ge5,B,0.2,6,0.36169924222083266
malecns_ge5,B,0.3,6,0.5112263578281401
malecns_ge5,B,0.4,6,0.638724466046508
malecns_ge5,B,0.5,6,0.7515717966359459
malecns_ge5,B,0.7,6,0.909499647453993
malecns_ge5,B,0.85,6,0.9772149931967631
malecns_ge5,B,0.95,6,0.9974989733544225
malecns_ge5,B,0.0,7,0.0
malecns_ge5,B,0.01,7,0.020208254285050752
malecns_ge5,B,0.02,7,0.03909289386962675
malecns_ge5,B,0.05,7,0.09791124640205985
malecns_ge5,B,0.1,7,0.19197400254454533
malecns_ge5,B,0.15,7,0.2767318821893539
malecns_ge5,B,0.2,7,0.3601870316495477
malecns_ge5,B,0.3,7,0.5101536693598442
malecns_ge5,B,0.4,7,0.6368718289512236
malecns_ge5,B,0.5,7,0.7474275241269372
malecns_ge5,B,0.7,7,0.9100011878764918
malecns_ge5,B,0.85,7,0.9775086914523521
malecns_ge5,B,0.95,7,0.997415078671715
malecns_ge5,B,0.0,8,0.0
malecns_ge5,B,0.01,8,0.02073057892424037
malecns_ge5,B,0.02,8,0.038539521065449986
malecns_ge5,B,0.05,8,0.0959004040841777
malecns_ge5,B,0.1,8,0.18932993813959595
malecns_ge5,B,0.15,8,0.2742667960793411
malecns_ge5,B,0.2,8,0.35658857607398314
malecns_ge5,B,0.3,8,0.5098592690100721
malecns_ge5,B,0.4,8,0.6399061685671743
malecns_ge5,B,0.5,8,0.747505824344884
malecns_ge5,B,0.7,8,0.9096985964279164
malecns_ge5,B,0.85,8,0.9778304623309141
malecns_ge5,B,0.95,8,0.9973831501029109
malecns_ge5,B,0.0,9,0.0
malecns_ge5,B,0.01,9,0.019515476780291027
malecns_ge5,B,0.02,9,0.03848944949140576
malecns_ge5,B,0.05,9,0.09971444715137043
malecns_ge5,B,0.1,9,0.19152008193862602
malecns_ge5,B,0.15,9,0.2834325799182943
malecns_ge5,B,0.2,9,0.3645407956895786
malecns_ge5,B,0.3,9,0.5138214428055523
malecns_ge5,B,0.4,9,0.6420664900799496
malecns_ge5,B,0.5,9,0.7501140262247333
malecns_ge5,B,0.7,9,0.9102605949606287
malecns_ge5,B,0.85,9,0.9771977083066357
malecns_ge5,B,0.95,9,0.9974666658776465
malecns_ge5,B,0.0,10,0.0
malecns_ge5,B,0.01,10,0.021190138572328925
malecns_ge5,B,0.02,10,0.04114618502470775
malecns_ge5,B,0.05,10,0.10095561593491235
malecns_ge5,B,0.1,10,0.1929081109943146
malecns_ge5,B,0.15,10,0.2777680171827187
malecns_ge5,B,0.2,10,0.36063538007941043
malecns_ge5,B,0.3,10,0.5123363352986064
malecns_ge5,B,0.4,10,0.6379591945312525
malecns_ge5,B,0.5,10,0.7459497273149776
malecns_ge5,B,0.7,10,0.9085350369124903
malecns_ge5,B,0.85,10,0.9771443491487181
malecns_ge5,B,0.95,10,0.9973898144254745
malecns_ge5,B,0.0,11,0.0
malecns_ge5,B,0.01,11,0.019106100149767834
malecns_ge5,B,0.02,11,0.03832532661783591
malecns_ge5,B,0.05,11,0.09611306061120017
malecns_ge5,B,0.1,11,0.18548181564364133
malecns_ge5,B,0.15,11,0.2716224307768847
malecns_ge5,B,0.2,11,0.35455329419191695
malecns_ge5,B,0.3,11,0.5081154230801159
malecns_ge5,B,0.4,11,0.6390048802343782
malecns_ge5,B,0.5,11,0.7479304687378021
malecns_ge5,B,0.7,11,0.9075750624214665
malecns_ge5,B,0.85,11,0.9765877333380764
malecns_ge5,B,0.95,11,0.9973281750139369
malecns_ge5,B,0.0,12,0.0
malecns_ge5,B,0.01,12,0.019354507758369183
malecns_ge5,B,0.02,12,0.03826723111027023
malecns_ge5,B,0.05,12,0.09728985961693674
malecns_ge5,B,0.1,12,0.18967088844814461
malecns_ge5,B,0.15,12,0.2775605985011894
malecns_ge5,B,0.2,12,0.36151333213888165
malecns_ge5,B,0.3,12,0.51331993581611
malecns_ge5,B,0.4,12,0.6430037189483107
malecns_ge5,B,0.5,12,0.7523967573011192
malecns_ge5,B,0.7,12,0.9111482314620862
malecns_ge5,B,0.85,12,0.9770388567116153
malecns_ge5,B,0.95,12,0.9974426052214344
malecns_ge5,B,0.0,13,0.0
malecns_ge5,B,0.01,13,0.01903086462865219
malecns_ge5,B,0.02,13,0.03940319720986434
malecns_ge5,B,0.05,13,0.098846034657308
malecns_ge5,B,0.1,13,0.19081480047079538
malecns_ge5,B,0.15,13,0.28054367409741976
malecns_ge5,B,0.2,13,0.3634732001901984
malecns_ge5,B,0.3,13,0.5095807716507653
malecns_ge5,B,0.4,13,0.6362271950475926
malecns_ge5,B,0.5,13,0.7488461667178805
malecns_ge5,B,0.7,13,0.9102772557670379
malecns_ge5,B,0.85,13,0.9776102165001026
malecns_ge5,B,0.95,13,0.9973749812928119
malecns_ge5,B,0.0,14,0.0
malecns_ge5,B,0.01,14,0.02013739849431556
malecns_ge5,B,0.02,14,0.040148330880851485
malecns_ge5,B,0.05,14,0.09907498422711984
malecns_ge5,B,0.1,14,0.19230640513502326
malecns_ge5,B,0.15,14,0.27689670715710685
malecns_ge5,B,0.2,14,0.360640562203143
malecns_ge5,B,0.3,14,0.5100103307029653
malecns_ge5,B,0.4,14,0.6359871791361323
malecns_ge5,B,0.5,14,0.7486458581329994
malecns_ge5,B,0.7,14,0.9077900481180806
malecns_ge5,B,0.85,14,0.9762065407740472
malecns_ge5,B,0.95,14,0.9972579767399763
malecns_ge5,B,0.0,15,0.0
malecns_ge5,B,0.01,15,0.019115361106373834
malecns_ge5,B,0.02,15,0.038165683773815524
malecns_ge5,B,0.05,15,0.09656510896596449
malecns_ge5,B,0.1,15,0.1851635775246992
malecns_ge5,B,0.15,15,0.27277874646343736
malecns_ge5,B,0.2,15,0.3574357139998617
malecns_ge5,B,0.3,15,0.5046558484205851
malecns_ge5,B,0.4,15,0.6312112893267608
malecns_ge5,B,0.5,15,0.7430569321152155
malecns_ge5,B,0.7,15,0.9064931352852689
malecns_ge5,B,0.85,15,0.9761171630701001
malecns_ge5,B,0.95,15,0.99729006132971
malecns_ge5,B,0.0,16,0.0
malecns_ge5,B,0.01,16,0.018829508474672414
malecns_ge5,B,0.02,16,0.0390570759219352
malecns_ge5,B,0.05,16,0.095902599521544
malecns_ge5,B,0.1,16,0.18884919307814038
malecns_ge5,B,0.15,16,0.2759256328913784
malecns_ge5,B,0.2,16,0.3570012848657882
malecns_ge5,B,0.3,16,0.5033645857742947
malecns_ge5,B,0.4,16,0.6353565648274596
malecns_ge5,B,0.5,16,0.7450006408559683
malecns_ge5,B,0.7,16,0.9107483163865071
malecns_ge5,B,0.85,16,0.9776191654148495
malecns_ge5,B,0.95,16,0.9975501482193259
malecns_ge5,B,0.0,17,0.0
malecns_ge5,B,0.01,17,0.020464240053089017
malecns_ge5,B,0.02,17,0.041139765877890595
malecns_ge5,B,0.05,17,0.09633235917208206
malecns_ge5,B,0.1,17,0.19098261212491469
malecns_ge5,B,0.15,17,0.27648204810368204
malecns_ge5,B,0.2,17,0.3570722521000445
malecns_ge5,B,0.3,17,0.5071191848673161
malecns_ge5,B,0.4,17,0.6381330018468085
malecns_ge5,B,0.5,17,0.7484048503742011
malecns_ge5,B,0.7,17,0.9088568412241086
malecns_ge5,B,0.85,17,0.975837450976413
malecns_ge5,B,0.95,17,0.9971049424967591
malecns_ge5,B,0.0,18,0.0
malecns_ge5,B,0.01,18,0.020053604110777043
malecns_ge5,B,0.02,18,0.038561107675493096
malecns_ge5,B,0.05,18,0.09716844190066434
malecns_ge5,B,0.1,18,0.18661777059888332
malecns_ge5,B,0.15,18,0.2721339453945246
malecns_ge5,B,0.2,18,0.35271101019974566
malecns_ge5,B,0.3,18,0.5083722892519711
malecns_ge5,B,0.4,18,0.6365377769966329
malecns_ge5,B,0.5,18,0.7484372135727376
malecns_ge5,B,0.7,18,0.9096499513309426
malecns_ge5,B,0.85,18,0.9770138264967693
malecns_ge5,B,0.95,18,0.9974293322980676
malecns_ge5,B,0.0,19,0.0
malecns_ge5,B,0.01,19,0.02032364290682995
malecns_ge5,B,0.02,19,0.04021781591627676
malecns_ge5,B,0.05,19,0.10012818122356984
malecns_ge5,B,0.1,19,0.1926546661385581
malecns_ge5,B,0.15,19,0.2822846559288828
malecns_ge5,B,0.2,19,0.36479100868322223
malecns_ge5,B,0.3,19,0.5140767933455201
malecns_ge5,B,0.4,19,0.6401604492493392
malecns_ge5,B,0.5,19,0.7476986996469057
malecns_ge5,B,0.7,19,0.9088724321727149
malecns_ge5,B,0.85,19,0.9773065551937244
malecns_ge5,B,0.95,19,0.9976309224834418
malecns_ge5,B,0.0,20,0.0
malecns_ge5,B,0.01,20,0.0196844585913822
malecns_ge5,B,0.02,20,0.04127316377268459
malecns_ge5,B,0.05,20,0.09964663376876212
malecns_ge5,B,0.1,20,0.19295312303249945
malecns_ge5,B,0.15,20,0.28195484997244724
malecns_ge5,B,0.2,20,0.3645894965083129
malecns_ge5,B,0.3,20,0.5112904712858468
malecns_ge5,B,0.4,20,0.637852944278206
malecns_ge5,B,0.5,20,0.7439462179807859
malecns_ge5,B,0.7,20,0.9070321875969802
malecns_ge5,B,0.85,20,0.9768228568789589
malecns_ge5,B,0.95,20,0.9973483128582052
malecns_ge5,B,0.0,21,0.0
malecns_ge5,B,0.01,21,0.019485999968951836
malecns_ge5,B,0.02,21,0.038496626454166606
malecns_ge5,B,0.05,21,0.09772573751678493
malecns_ge5,B,0.1,21,0.19073536352893308
malecns_ge5,B,0.15,21,0.279383703063374
malecns_ge5,B,0.2,21,0.35912522006891423
malecns_ge5,B,0.3,21,0.5080093065592949
malecns_ge5,B,0.4,21,0.6401977159628055
malecns_ge5,B,0.5,21,0.7508723548086225
malecns_ge5,B,0.7,21,0.9095064120757257
malecns_ge5,B,0.85,21,0.9775807062557071
malecns_ge5,B,0.95,21,0.9972552017963001
malecns_ge5,B,0.0,22,0.0
malecns_ge5,B,0.01,22,0.019624067347281227
malecns_ge5,B,0.02,22,0.04137973721194232
malecns_ge5,B,0.05,22,0.10433202029462302
malecns_ge5,B,0.1,22,0.19334509218502197
malecns_ge5,B,0.15,22,0.27989677789030976
malecns_ge5,B,0.2,22,0.3587566094784208
malecns_ge5,B,0.3,22,0.5103167446643154
malecns_ge5,B,0.4,22,0.6393253026463345
malecns_ge5,B,0.5,22,0.7494776502860181
malecns_ge5,B,0.7,22,0.908808017817501
malecns_ge5,B,0.85,22,0.9770859973210537
malecns_ge5,B,0.95,22,0.9973151249776124
malecns_ge5,B,0.0,23,0.0
malecns_ge5,B,0.01,23,0.01911631952065556
malecns_ge5,B,0.02,23,0.038243215031466465
malecns_ge5,B,0.05,23,0.09532737264287341
malecns_ge5,B,0.1,23,0.187981772431416
malecns_ge5,B,0.15,23,0.27189263673821934
malecns_ge5,B,0.2,23,0.35686083259610657
malecns_ge5,B,0.3,23,0.5095096372512272
malecns_ge5,B,0.4,23,0.6446728642860525
malecns_ge5,B,0.5,23,0.7518963201694797
malecns_ge5,B,0.7,23,0.9082341059723797
malecns_ge5,B,0.85,23,0.9760551001731821
malecns_ge5,B,0.95,23,0.9972842662666112
malecns_ge5,B,0.0,24,0.0
malecns_ge5,B,0.01,24,0.019572948204138362
malecns_ge5,B,0.02,24,0.0393204838284808
malecns_ge5,B,0.05,24,0.0983233868319071
malecns_ge5,B,0.1,24,0.19221492114852667
malecns_ge5,B,0.15,24,0.27688852720265583
malecns_ge5,B,0.2,24,0.3575489963390915
malecns_ge5,B,0.3,24,0.5096437818176128
malecns_ge5,B,0.4,24,0.6382809542654623
malecns_ge5,B,0.5,24,0.7465515000403815
malecns_ge5,B,0.7,24,0.9085459918106175
malecns_ge5,B,0.85,24,0.9774421373815326
malecns_ge5,B,0.95,24,0.9973807652115586
malecns_ge5,B,0.0,25,0.0
malecns_ge5,B,0.01,25,0.023610078911931433
malecns_ge5,B,0.02,25,0.04320117012130995
malecns_ge5,B,0.05,25,0.09947601373791032
malecns_ge5,B,0.1,25,0.19229475928706505
malecns_ge5,B,0.15,25,0.27919300091001437
malecns_ge5,B,0.2,25,0.36440567042020705
malecns_ge5,B,0.3,25,0.5138380590345529
malecns_ge5,B,0.4,25,0.6433072242337592
malecns_ge5,B,0.5,25,0.7504167848385904
malecns_ge5,B,0.7,25,0.9093839022129463
malecns_ge5,B,0.85,25,0.977452523917702
malecns_ge5,B,0.95,25,0.9973463291635292
malecns_ge5,B,0.0,26,0.0
malecns_ge5,B,0.01,26,0.019552743493757286
malecns_ge5,B,0.02,26,0.040929360509994975
malecns_ge5,B,0.05,26,0.09996968624781712
malecns_ge5,B,0.1,26,0.19263496292402213
malecns_ge5,B,0.15,26,0.2828494071165671
malecns_ge5,B,0.2,26,0.3628996338199927
malecns_ge5,B,0.3,26,0.5112518003840143
malecns_ge5,B,0.4,26,0.6394993774263413
malecns_ge5,B,0.5,26,0.7493223760280261
malecns_ge5,B,0.7,26,0.911619927309626
malecns_ge5,B,0.85,26,0.977810057022195
malecns_ge5,B,0.95,26,0.9975708209924957
malecns_ge5,B,0.0,27,0.0
malecns_ge5,B,0.01,27,0.019758523955525967
malecns_ge5,B,0.02,27,0.03907284518017525
malecns_ge5,B,0.05,27,0.09403665606983658
malecns_ge5,B,0.1,27,0.18555175759750325
malecns_ge5,B,0.15,27,0.27136434987064917
malecns_ge5,B,0.2,27,0.35280013158359425
malecns_ge5,B,0.3,27,0.5078409599762741
malecns_ge5,B,0.4,27,0.6370006242285949
malecns_ge5,B,0.5,27,0.7485763730975741
malecns_ge5,B,0.7,27,0.9088259713687552
malecns_ge5,B,0.85,27,0.9767022192673344
malecns_ge5,B,0.95,27,0.9972869297667663
malecns_ge5,B,0.0,28,0.0
malecns_ge5,B,0.01,28,0.018314884582792956
malecns_ge5,B,0.02,28,0.037490603500211425
malecns_ge5,B,0.05,28,0.0936069855741154
malecns_ge5,B,0.1,28,0.18815522312770455
malecns_ge5,B,0.15,28,0.27650245341240115
malecns_ge5,B,0.2,28,0.35947770478189994
malecns_ge5,B,0.3,28,0.5119573047388872
malecns_ge5,B,0.4,28,0.6397353590823366
malecns_ge5,B,0.5,28,0.7495377963543726
malecns_ge5,B,0.7,28,0.9100418201842961
malecns_ge5,B,0.85,28,0.9779569730161022
malecns_ge5,B,0.95,28,0.9974598789672097
malecns_ge5,B,0.0,29,0.0
malecns_ge5,B,0.01,29,0.01965881543716992
malecns_ge5,B,0.02,29,0.03835280859014685
malecns_ge5,B,0.05,29,0.09491785113577275
malecns_ge5,B,0.1,29,0.18683820588368075
malecns_ge5,B,0.15,29,0.27505225001627354
malecns_ge5,B,0.2,29,0.3554975885795176
malecns_ge5,B,0.3,29,0.5056588178220612
malecns_ge5,B,0.4,29,0.6356725183542186
malecns_ge5,B,0.5,29,0.7473929320579782
malecns_ge5,B,0.7,29,0.9091327976711335
malecns_ge5,B,0.85,29,0.9766048844959785
malecns_ge5,B,0.95,29,0.9973471538455855
malecns_ge5,B,0.0,30,0.0
malecns_ge5,B,0.01,30,0.01959011050639256
malecns_ge5,B,0.02,30,0.03820920246881724
malecns_ge5,B,0.05,30,0.0968035423794246
malecns_ge5,B,0.1,30,0.19114387089999146
malecns_ge5,B,0.15,30,0.2778669010190184
malecns_ge5,B,0.2,30,0.3585977467390483
malecns_ge5,B,0.3,30,0.5100973569486167
malecns_ge5,B,0.4,30,0.6401983623352281
malecns_ge5,B,0.5,30,0.7493853081844088
malecns_ge5,B,0.7,30,0.9093593400608889
malecns_ge5,B,0.85,30,0.9778870422065924
malecns_ge5,B,0.95,30,0.9973937706704746
malecns_ge5,B,0.0,31,0.0
malecns_ge5,B,0.01,31,0.01971432545504535
malecns_ge5,B,0.02,31,0.038922741901563696
malecns_ge5,B,0.05,31,0.09638069222719665
malecns_ge5,B,0.1,31,0.1917240904484087
malecns_ge5,B,0.15,31,0.2817563356282563
malecns_ge5,B,0.2,31,0.364404288520545
malecns_ge5,B,0.3,31,0.5135150176998501
malecns_ge5,B,0.4,31,0.6402689840945689
malecns_ge5,B,0.5,31,0.7465882206805943
malecns_ge5,B,0.7,31,0.9085451336955047
malecns_ge5,B,0.85,31,0.9766383509853741
malecns_ge5,B,0.95,31,0.9974105763534612
malecns_ge5,B,0.0,32,0.0
malecns_ge5,B,0.01,32,0.019737739738835004
malecns_ge5,B,0.02,32,0.039182271573573936
malecns_ge5,B,0.05,32,0.09989739283565933
malecns_ge5,B,0.1,32,0.18592230730526435
malecns_ge5,B,0.15,32,0.2724754417763268
malecns_ge5,B,0.2,32,0.35762620441053117
malecns_ge5,B,0.3,32,0.50780449565616
malecns_ge5,B,0.4,32,0.6384133603129183
malecns_ge5,B,0.5,32,0.7457741926248439
malecns_ge5,B,0.7,32,0.9055265076160335
malecns_ge5,B,0.85,32,0.9768146657801557
malecns_ge5,B,0.95,32,0.9975212397699444
malecns_ge5,B,0.0,33,0.0
malecns_ge5,B,0.01,33,0.01941240266759682
malecns_ge5,B,0.02,33,0.03873244094488013
malecns_ge5,B,0.05,33,0.0960957422880164
malecns_ge5,B,0.1,33,0.19055800116505286
malecns_ge5,B,0.15,33,0.27657558265096743
malecns_ge5,B,0.2,33,0.359236819610975
malecns_ge5,B,0.3,33,0.5076245812356459
malecns_ge5,B,0.4,33,0.6397846839847893
malecns_ge5,B,0.5,33,0.7527649444062323
malecns_ge5,B,0.7,33,0.911726032686095
malecns_ge5,B,0.85,33,0.9777240226238818
malecns_ge5,B,0.95,33,0.997525129148832
malecns_ge5,B,0.0,34,0.0
malecns_ge5,B,0.01,34,0.019278012925464758
malecns_ge5,B,0.02,34,0.038141901726406136
malecns_ge5,B,0.05,34,0.09553080164634623
malecns_ge5,B,0.1,34,0.18862298501894836
malecns_ge5,B,0.15,34,0.27614502060707724
malecns_ge5,B,0.2,34,0.36031846813836976
malecns_ge5,B,0.3,34,0.5126035657179268
malecns_ge5,B,0.4,34,0.6413202865511597
malecns_ge5,B,0.5,34,0.7502558269610207
malecns_ge5,B,0.7,34,0.9084330103688947
malecns_ge5,B,0.85,34,0.9763765701542371
malecns_ge5,B,0.95,34,0.9971663701656065
malecns_ge5,B,0.0,35,0.0
malecns_ge5,B,0.01,35,0.0185418727466329
malecns_ge5,B,0.02,35,0.03676557424043635
malecns_ge5,B,0.05,35,0.0958564730481478
malecns_ge5,B,0.1,35,0.19076776016052593
malecns_ge5,B,0.15,35,0.27792040505351345
malecns_ge5,B,0.2,35,0.36365487541834646
malecns_ge5,B,0.3,35,0.5094369314980413
malecns_ge5,B,0.4,35,0.6372739617528733
malecns_ge5,B,0.5,35,0.745032636290885
malecns_ge5,B,0.7,35,0.9076823602436115
malecns_ge5,B,0.85,35,0.976454781217367
malecns_ge5,B,0.95,35,0.9972565836959622
malecns_ge5,B,0.0,36,0.0
malecns_ge5,B,0.01,36,0.01965512665662048
malecns_ge5,B,0.02,36,0.03984578400968462
malecns_ge5,B,0.05,36,0.09685831687006057
malecns_ge5,B,0.1,36,0.18795326517871067
malecns_ge5,B,0.15,36,0.2789151722118344
malecns_ge5,B,0.2,36,0.3611352265603879
malecns_ge5,B,0.3,36,0.5106539504705541
malecns_ge5,B,0.4,36,0.6424058467461462
malecns_ge5,B,0.5,36,0.7543404214644635
malecns_ge5,B,0.7,36,0.9092246605656019
malecns_ge5,B,0.85,36,0.9774304803892223
malecns_ge5,B,0.95,36,0.9973330339514581
malecns_ge5,B,0.0,37,0.0
malecns_ge5,B,0.01,37,0.01971973046582021
malecns_ge5,B,0.02,37,0.037471000584844455
malecns_ge5,B,0.05,37,0.09700414071746069
malecns_ge5,B,0.1,37,0.18605334259741035
malecns_ge5,B,0.15,37,0.2715428266697407
malecns_ge5,B,0.2,37,0.35596178427808517
malecns_ge5,B,0.3,37,0.5093153466164873
malecns_ge5,B,0.4,37,0.6389611720853906
malecns_ge5,B,0.5,37,0.7496874092814911
malecns_ge5,B,0.7,37,0.9085866686958303
malecns_ge5,B,0.85,37,0.9762052368848501
malecns_ge5,B,0.95,37,0.9970810267171243
malecns_ge5,B,0.0,38,0.0
malecns_ge5,B,0.01,38,0.020646171601335632
malecns_ge5,B,0.02,38,0.040957611442601724
malecns_ge5,B,0.05,38,0.09909004024682466
malecns_ge5,B,0.1,38,0.19229883811993845
malecns_ge5,B,0.15,38,0.2811326308178937
malecns_ge5,B,0.2,38,0.3635679048944557
malecns_ge5,B,0.3,38,0.5119421484200134
malecns_ge5,B,0.4,38,0.6402779775867242
malecns_ge5,B,0.5,38,0.7517185788976276
malecns_ge5,B,0.7,38,0.9106934081636459
malecns_ge5,B,0.85,38,0.9776500909919633
malecns_ge5,B,0.95,38,0.9971774587959591
malecns_ge5,B,0.0,39,0.0
malecns_ge5,B,0.01,39,0.019788981469851114
malecns_ge5,B,0.02,39,0.040149122129851514
malecns_ge5,B,0.05,39,0.099658346482833
malecns_ge5,B,0.1,39,0.19609589719451076
malecns_ge5,B,0.15,39,0.2814157530833274
malecns_ge5,B,0.2,39,0.36199362028190063
malecns_ge5,B,0.3,39,0.5115124333468838
malecns_ge5,B,0.4,39,0.6409549078227791
malecns_ge5,B,0.5,39,0.7517042472608102
malecns_ge5,B,0.7,39,0.9131129807396285
malecns_ge5,B,0.85,39,0.9776919937559087
malecns_ge5,B,0.95,39,0.997112620955365
